"JU_M287_NAME";"Самоцвет нокаута/уклонения 4 [<STYL MOJI_YELLOW_DEFAULT>5,5</STYL>]"
"JU_M073_NAME";"Самоцвет дружбы/телосложения 4 [<STYL MOJI_YELLOW_DEFAULT>5,5</STYL>]"
"JU_M112_NAME";"Самоцвет пресыщения/атаки 4 [<STYL MOJI_YELLOW_DEFAULT>3,7</STYL>]"
"JU_M157_NAME";"Самоцвет ножен/высвобождения 4 [<STYL MOJI_YELLOW_DEFAULT>3,3</STYL>]"
"JU_M225_NAME";"Самоцвет усиления/живучести 4 [<STYL MOJI_YELLOW_DEFAULT>3,3</STYL>]"
"JU_BAKUHA_NAME";"Саперный самоцвет 1 [<STYL MOJI_YELLOW_DEFAULT>3</STYL>]"
"JU_M056_NAME";"Самоцвет ""Беруши""+ 4 [<STYL MOJI_YELLOW_DEFAULT>3</STYL>]"
"JU_M011_NAME";"Самоцвет мороза+ 4 [<STYL MOJI_YELLOW_DEFAULT>3</STYL>]"
"JU_MIZUZOKU_NAME";"Самоцвет потока 1 [<STYL MOJI_YELLOW_DEFAULT>6</STYL>]"
"JU_M242_NAME";"Самоцвет высвобождения/живучести 4 [<STYL MOJI_YELLOW_DEFAULT>3,3</STYL>]"
"JU_M191_NAME";"Самоцвет новых сил/благословения 4 [<STYL MOJI_YELLOW_DEFAULT>7,5</STYL>]"
"JU_M044_NAME";"Самоцвет трясины+ 4 [<STYL MOJI_YELLOW_DEFAULT>2</STYL>]"
"JU_M230_NAME";"Самоцвет выхвата/живучести 4 [<STYL MOJI_YELLOW_DEFAULT>3,3</STYL>]"
"JU_M186_NAME";"Самоцвет уничтожения/благослов. 4 [<STYL MOJI_YELLOW_DEFAULT>3,5</STYL>]"
"JU_M299_NAME";"Самоцвет критический/уклонения 4 [<STYL MOJI_YELLOW_DEFAULT>3,5</STYL>]"
"JU_M085_NAME";"Самоцвет грибной/телосложения 4 [<STYL MOJI_YELLOW_DEFAULT>3,5</STYL>]"
"JU_RYUU_NAME";"Самоцвет Антидракон 1 [<STYL MOJI_YELLOW_DEFAULT>3</STYL>]"
"JU_M039_NAME";"Снайперский самоцвет+ 4 [<STYL MOJI_YELLOW_DEFAULT>1</STYL>]"
"JU_M271_NAME";"Самоцвет новых сил/телосложения 4 [<STYL MOJI_YELLOW_DEFAULT>7,5</STYL>]"
"JU_M124_NAME";"Самоцвет скольжения/атаки 4 [<STYL MOJI_YELLOW_DEFAULT>1,7</STYL>]"
"JU_M258_NAME";"Самоцвет ""беруши""/обслуживания 4 [<STYL MOJI_YELLOW_DEFAULT>5,5</STYL>]"
"JU_M090_NAME";"Самоцвет кризиса/уклонения 4 [<STYL MOJI_YELLOW_DEFAULT>1,5</STYL>]"
"JU_M023_NAME";"Самоцвет-противоядие+ 4 [<STYL MOJI_YELLOW_DEFAULT>2</STYL>]"
"JU_M006_NAME";"Самоцвет Антилед+ 4 [<STYL MOJI_YELLOW_DEFAULT>2</STYL>]"
"JU_M162_NAME";"Самоцвет скольжения/высвобожд. 4 [<STYL MOJI_YELLOW_DEFAULT>1,3</STYL>]"
"JU_M275_NAME";"Самоцвет могучий/телосложения 4 [<STYL MOJI_YELLOW_DEFAULT>5,5</STYL>]"
"JU_M107_NAME";"Самоцвет высасывания/атаки 4 [<STYL MOJI_YELLOW_DEFAULT>5,7</STYL>]"
"JU_M145_NAME";"Самоцвет высасывания/высвобожд. 4 [<STYL MOJI_YELLOW_DEFAULT>5,3</STYL>]"
"JU_M237_NAME";"Самоцвет феникса/живучести 4 [<STYL MOJI_YELLOW_DEFAULT>3,3</STYL>]"
"JU_M061_NAME";"Самоцвет новых сил+ 4 [<STYL MOJI_YELLOW_DEFAULT>4</STYL>]"
"JU_TAISYOUKI_NAME";"Самоцвет миазмов 1 [<STYL MOJI_YELLOW_DEFAULT>3</STYL>]"
"JU_MAHIBIN_NAME";"Самоцвет улучшения паралича 3 [<STYL MOJI_YELLOW_DEFAULT>1</STYL>]"
"JU_M089_NAME";"Самоцвет стойкости/уклонения 4 [<STYL MOJI_YELLOW_DEFAULT>1,5</STYL>]"
"JU_M246_NAME";"Самоцвет уничтожения/обслужив. 4 [<STYL MOJI_YELLOW_DEFAULT>3,5</STYL>]"
"JU_M249_NAME";"Самоцвет антиветра/обслуживания 4 [<STYL MOJI_YELLOW_DEFAULT>5,5</STYL>]"
"JU_M133_NAME";"Самоцвет от сглаза/эксперта 4 [<STYL MOJI_YELLOW_DEFAULT>3,7</STYL>]"
"JU_TUUGEKI_NAME";"Самоцвет размягчения 2 [<STYL MOJI_YELLOW_DEFAULT>3</STYL>]"
"JU_DOKU_NAME";"Самоцвет-противоядие 1 [<STYL MOJI_YELLOW_DEFAULT>3</STYL>]"
"JU_M032_NAME";"Самоцвет восстановления+ 4 [<STYL MOJI_YELLOW_DEFAULT>2</STYL>]"
"JU_M035_NAME";"Самоцвет мяустера+ 4 [<STYL MOJI_YELLOW_DEFAULT>3</STYL>]"
"JU_M136_NAME";"Самоцвет обновления/эксперта 4 [<STYL MOJI_YELLOW_DEFAULT>3,7</STYL>]"
"JU_LOVEKINOKO_NAME";"Грибной самоцвет 1 [<STYL MOJI_YELLOW_DEFAULT>3</STYL>]"
"JU_RYUUHUU_NAME";"Самоцвет драконьей печати 3 [<STYL MOJI_YELLOW_DEFAULT>1</STYL>]"
"JU_M208_NAME";"Самоцвет потенциала/лекарств. 4 [<STYL MOJI_YELLOW_DEFAULT>7,3</STYL>]"
"JU_M221_NAME";"Самоцвет ремесла/лекарственный 4 [<STYL MOJI_YELLOW_DEFAULT>5,3</STYL>]"
"JU_M174_NAME";"Самоцвет обновления/ремесла 4 [<STYL MOJI_YELLOW_DEFAULT>3,5</STYL>]"
"JU_KASSOU_NAME";"Самоцвет скольжения 2 [<STYL MOJI_YELLOW_DEFAULT>1</STYL>]"
"JU_M020_NAME";"Твердый самоцвет Антилед 4 [<STYL MOJI_YELLOW_DEFAULT>1</STYL>]"
"JU_SOKODIKARA_NAME";"Самоцвет потенциала 2 [<STYL MOJI_YELLOW_DEFAULT>7</STYL>]"
"JU_M065_NAME";"Самоцвет телосложения+ 4 [<STYL MOJI_YELLOW_DEFAULT>3</STYL>]"
"JU_M120_NAME";"Самоцвет обжорства/атаки 4 [<STYL MOJI_YELLOW_DEFAULT>3,7</STYL>]"
"JU_TAISYOUGEKI_NAME";"Самоцвет группировки 3 [<STYL MOJI_YELLOW_DEFAULT>3</STYL>]"
"JU_MAHIATK_NAME";"Самоцвет ""Парализатор"" 1 [<STYL MOJI_YELLOW_DEFAULT>4</STYL>]"
"JU_M064_NAME";"Самоцвет ярости+ 4 [<STYL MOJI_YELLOW_DEFAULT>3</STYL>]"
"JU_M295_NAME";"Самоцвет могучий/уклонения 4 [<STYL MOJI_YELLOW_DEFAULT>5,5</STYL>]"
"JU_M003_NAME";"Самоцвет охлаждения 2 [<STYL MOJI_YELLOW_DEFAULT>1</STYL>]"
"JU_M250_NAME";"Самоцвет выхвата/обслуживания 4 [<STYL MOJI_YELLOW_DEFAULT>3,5</STYL>]"
"JU_M018_NAME";"Твердый самоцвет Антиогонь 4 [<STYL MOJI_YELLOW_DEFAULT>1</STYL>]"
"JU_M116_NAME";"Самоцвет бегуна/атаки 4 [<STYL MOJI_YELLOW_DEFAULT>3,7</STYL>]"
"JU_M047_NAME";"Твердый ботанический самоцвет+ 4 [<STYL MOJI_YELLOW_DEFAULT>1</STYL>]"
"JU_M036_NAME";"Твердый самоцвет бесшумности 4 [<STYL MOJI_YELLOW_DEFAULT>1</STYL>]"
"JU_M183_NAME";"Самоцвет устойчивости/благосл. 4 [<STYL MOJI_YELLOW_DEFAULT>3,5</STYL>]"
"JU_SUTAMINA_NAME";"Самоцвет бегуна 2 [<STYL MOJI_YELLOW_DEFAULT>3</STYL>]"
"JU_M149_NAME";"Самоцвет дружбы/высвобождения 4 [<STYL MOJI_YELLOW_DEFAULT>5,3</STYL>]"
"JU_M204_NAME";"Самоцвет заряда/лекарственный 4 [<STYL MOJI_YELLOW_DEFAULT>3,3</STYL>]"
"JU_M178_NAME";"Самоцвет точильный/ремесла 4 [<STYL MOJI_YELLOW_DEFAULT>3,5</STYL>]"
"JU_M233_NAME";"Самоцвет безупречный/живучести 4 [<STYL MOJI_YELLOW_DEFAULT>3,3</STYL>]"
"JU_KOORI_NAME";"Самоцвет Антилед 1 [<STYL MOJI_YELLOW_DEFAULT>3</STYL>]"
"JU_M296_NAME";"Самоцвет группировки/уклонения 4 [<STYL MOJI_YELLOW_DEFAULT>3,5</STYL>]"
"JU_M302_NAME";"Самоцвет высвобождения/уклонения 4 [<STYL MOJI_YELLOW_DEFAULT>3,5</STYL>]"
"JU_IKAKU_NAME";"Самоцвет устрашения 1 [<STYL MOJI_YELLOW_DEFAULT>3</STYL>]"
"JU_M093_NAME";"Самоцвет пресыщения/уклонения 4 [<STYL MOJI_YELLOW_DEFAULT>3,5</STYL>]"
"JU_HONKI_NAME";"Самоцвет удушения 2 [<STYL MOJI_YELLOW_DEFAULT>7</STYL>]"
"JU_M266_NAME";"Самоцвет уничтожения/телослож. 4 [<STYL MOJI_YELLOW_DEFAULT>3,5</STYL>]"
"JU_NOUTOU_NAME";"Самоцвет ножен 1 [<STYL MOJI_YELLOW_DEFAULT>3</STYL>]"
"JU_GYAKUJYO_NAME";"Самоцвет ярости 2 [<STYL MOJI_YELLOW_DEFAULT>5</STYL>]"
"JU_M031_NAME";"Самоцвет сытости+ 4 [<STYL MOJI_YELLOW_DEFAULT>2</STYL>]"
"JU_M228_NAME";"Самоцвет потенциала/живучести 4 [<STYL MOJI_YELLOW_DEFAULT>7,3</STYL>]"
"JU_M154_NAME";"Самоцвет бегуна/высвобождения 4 [<STYL MOJI_YELLOW_DEFAULT>3,3</STYL>]"
"JU_M222_NAME";"Самоцвет высвобождения/лекарств. 4 [<STYL MOJI_YELLOW_DEFAULT>3,3</STYL>]"
"JU_M115_NAME";"Самоцвет полета/атаки 4 [<STYL MOJI_YELLOW_DEFAULT>1,7</STYL>]"
"JU_M267_NAME";"Самоцвет нокаута/телосложения 4 [<STYL MOJI_YELLOW_DEFAULT>5,5</STYL>]"
"JU_TAKUMI_NAME";"Самоцвет ремесла 3 [<STYL MOJI_YELLOW_DEFAULT>5</STYL>]"
"JU_M198_NAME";"Самоцвет ""беруши""/благословения 4 [<STYL MOJI_YELLOW_DEFAULT>5,5</STYL>]"
"JU_M153_NAME";"Самоцвет полета/высвобождения 4 [<STYL MOJI_YELLOW_DEFAULT>1,3</STYL>]"
"JU_M100_NAME";"Самоцвет ножен/уклонения 4 [<STYL MOJI_YELLOW_DEFAULT>3,5</STYL>]"
"JU_M229_NAME";"Самоцвет антиветра/живучести 4 [<STYL MOJI_YELLOW_DEFAULT>5,3</STYL>]"
"JU_M169_NAME";"Самоцвет пресыщения/ремесла 4 [<STYL MOJI_YELLOW_DEFAULT>3,5</STYL>]"
"JU_M002_NAME";"Самоцвет стража 2 [<STYL MOJI_YELLOW_DEFAULT>3</STYL>]"
"JU_M280_NAME";"Самоцвет размягчения/телослож. 4 [<STYL MOJI_YELLOW_DEFAULT>3,5</STYL>]"
"JU_M027_NAME";"Саперный самоцвет+ 4 [<STYL MOJI_YELLOW_DEFAULT>2</STYL>]"
"JU_M144_NAME";"Самоцвет стража/эксперта 4 [<STYL MOJI_YELLOW_DEFAULT>3,7</STYL>]"
"JU_M238_NAME";"Самоцвет ""беруши""/живучести 4 [<STYL MOJI_YELLOW_DEFAULT>5,3</STYL>]"
"JU_M301_NAME";"Самоцвет ремесла/уклонения 4 [<STYL MOJI_YELLOW_DEFAULT>5,5</STYL>]"
"JU_M094_NAME";"Самоцвет метателя/уклонения 4 [<STYL MOJI_YELLOW_DEFAULT>5,5</STYL>]"
"JU_KAIHI_NAME";"Самоцвет уклонения 2 [<STYL MOJI_YELLOW_DEFAULT>5</STYL>]"
"JU_M040_NAME";"Самоцвет тяжелой артиллерии+ 4 [<STYL MOJI_YELLOW_DEFAULT>1</STYL>]"
"JU_M251_NAME";"Самоцвет новых сил/обслуживания 4 [<STYL MOJI_YELLOW_DEFAULT>7,5</STYL>]"
"JU_HOUJUTU_NAME";"Самоцвет артиллерии 1 [<STYL MOJI_YELLOW_DEFAULT>5</STYL>]"
"JU_M213_NAME";"Самоцвет безупречный/лекарств. 4 [<STYL MOJI_YELLOW_DEFAULT>3,3</STYL>]"
"JU_M182_NAME";"Самоцвет стража/ремесла 4 [<STYL MOJI_YELLOW_DEFAULT>3,5</STYL>]"
"JU_HAYAGUI_NAME";"Самоцвет обжорства 1 [<STYL MOJI_YELLOW_DEFAULT>3</STYL>]"
"JU_M272_NAME";"Самоцвет вызова/телосложения 4 [<STYL MOJI_YELLOW_DEFAULT>7,5</STYL>]"
"JU_M111_NAME";"Самоцвет дружбы/атаки 4 [<STYL MOJI_YELLOW_DEFAULT>5,7</STYL>]"
"JU_M156_NAME";"Самоцвет прыжка/высвобождения 4 [<STYL MOJI_YELLOW_DEFAULT>3,3</STYL>]"
"JU_M226_NAME";"Самоцвет уничтожения/живучести 4 [<STYL MOJI_YELLOW_DEFAULT>3,3</STYL>]"
"JU_M113_NAME";"Самоцвет метателя/атаки 4 [<STYL MOJI_YELLOW_DEFAULT>5,7</STYL>]"
"JU_M269_NAME";"Самоцвет антиветра/телосложения 4 [<STYL MOJI_YELLOW_DEFAULT>5,5</STYL>]"
"JU_M055_NAME";"Самоцвет артиллерии+ 4 [<STYL MOJI_YELLOW_DEFAULT>3</STYL>]"
"JU_BOUHUU_NAME";"Самоцвет ""Антиветер"" 2 [<STYL MOJI_YELLOW_DEFAULT>5</STYL>]"
"JU_M189_NAME";"Самоцвет антиветра/благословения 4 [<STYL MOJI_YELLOW_DEFAULT>5,5</STYL>]"
"JU_M041_NAME";"Ботанический самоцвет+ 4 [<STYL MOJI_YELLOW_DEFAULT>2</STYL>]"
"JU_M241_NAME";"Самоцвет ремесла/живучести 4 [<STYL MOJI_YELLOW_DEFAULT>5,3</STYL>]"
"JU_M088_NAME";"Самоцвет высасывания/уклонения 4 [<STYL MOJI_YELLOW_DEFAULT>5,5</STYL>]"
"JU_M028_NAME";"Самоцвет крови+ 4 [<STYL MOJI_YELLOW_DEFAULT>2</STYL>]"
"JU_ZOKUKAI_NAME";"Самоцвет высвобождения 3 [<STYL MOJI_YELLOW_DEFAULT>3</STYL>]"
"JU_M108_NAME";"Самоцвет стойкости/атаки 4 [<STYL MOJI_YELLOW_DEFAULT>1,7</STYL>]"
"JU_M274_NAME";"Самоцвет ярости/телосложения 4 [<STYL MOJI_YELLOW_DEFAULT>5,5</STYL>]"
"JU_M123_NAME";"Самоцвет грибной/атаки 4 [<STYL MOJI_YELLOW_DEFAULT>3,7</STYL>]"
"JU_M076_NAME";"Самоцвет от сглаза/телосложения 4 [<STYL MOJI_YELLOW_DEFAULT>3,5</STYL>]"
"JU_M231_NAME";"Самоцвет новых сил/живучести 4 [<STYL MOJI_YELLOW_DEFAULT>7,3</STYL>]"
"JU_M284_NAME";"Самоцвет заряда/уклонения 4 [<STYL MOJI_YELLOW_DEFAULT>3,5</STYL>]"
"JU_M168_NAME";"Самоцвет дружбы/ремесла 4 [<STYL MOJI_YELLOW_DEFAULT>5,5</STYL>]"
"JU_M214_NAME";"Самоцвет ярости/лекарственный 4 [<STYL MOJI_YELLOW_DEFAULT>5,3</STYL>]"
"JU_M262_NAME";"Самоцвет высвобождения/обслужив. 4 [<STYL MOJI_YELLOW_DEFAULT>3,5</STYL>]"
"JU_M259_NAME";"Самоцвет критический/обслужив. 4 [<STYL MOJI_YELLOW_DEFAULT>3,5</STYL>]"
"JU_M199_NAME";"Самоцвет критический/благосл. 4 [<STYL MOJI_YELLOW_DEFAULT>3,5</STYL>]"
"JU_M007_NAME";"Самоцвет Антигроза+ 4 [<STYL MOJI_YELLOW_DEFAULT>2</STYL>]"
"JU_M161_NAME";"Самоцвет грибной/высвобождения 4 [<STYL MOJI_YELLOW_DEFAULT>3,3</STYL>]"
"JU_DOKUATK_NAME";"Самоцвет отравы 1 [<STYL MOJI_YELLOW_DEFAULT>4</STYL>]"
"JU_M045_NAME";"Самоцвет образцов+ 4 [<STYL MOJI_YELLOW_DEFAULT>2</STYL>]"
"JU_GOUKYU_NAME";"Самоцвет могучего лука 2 [<STYL MOJI_YELLOW_DEFAULT>1</STYL>]"
"JU_M098_NAME";"Самоцвет обновления/уклонения 4 [<STYL MOJI_YELLOW_DEFAULT>3,5</STYL>]"
"JU_M224_NAME";"Самоцвет заряда/живучести 4 [<STYL MOJI_YELLOW_DEFAULT>3,3</STYL>]"
"JU_M010_NAME";"Самоцвет потока+ 4 [<STYL MOJI_YELLOW_DEFAULT>3</STYL>]"
"JU_M038_NAME";"Твердый самоцвет мяустера 4 [<STYL MOJI_YELLOW_DEFAULT>2</STYL>]"
"JU_M086_NAME";"Самоцвет скольжения/телосложения 4 [<STYL MOJI_YELLOW_DEFAULT>1,5</STYL>]"
"JU_M101_NAME";"Самоцвет обжорства/уклонения 4 [<STYL MOJI_YELLOW_DEFAULT>3,5</STYL>]"
"JU_M171_NAME";"Самоцвет от сглаза/ремесла 4 [<STYL MOJI_YELLOW_DEFAULT>3,5</STYL>]"
"JU_BAKUHAATK_NAME";"Самоцвет взрыва 1 [<STYL MOJI_YELLOW_DEFAULT>4</STYL>]"
"JU_M158_NAME";"Самоцвет обжорства/высвобождения 4 [<STYL MOJI_YELLOW_DEFAULT>3,3</STYL>]"
"JU_KOURIZOKU_NAME";"Самоцвет мороза 1 [<STYL MOJI_YELLOW_DEFAULT>6</STYL>]"
"JU_M234_NAME";"Самоцвет ярости/живучести 4 [<STYL MOJI_YELLOW_DEFAULT>5,3</STYL>]"
"JU_TAIZOKU_NAME";"Самоцвет от сглаза 1 [<STYL MOJI_YELLOW_DEFAULT>3</STYL>]"
"JU_BATTOU_NAME";"Самоцвет выхвата 2 [<STYL MOJI_YELLOW_DEFAULT>3</STYL>]"
"JU_M048_NAME";"Твердый геологический самоцвет 4 [<STYL MOJI_YELLOW_DEFAULT>1</STYL>]"
"JU_M103_NAME";"Самоцвет бомбардира/уклонения 4 [<STYL MOJI_YELLOW_DEFAULT>5,5</STYL>]"
"JU_M148_NAME";"Самоцвет жел. стены/высвобожд. 4 [<STYL MOJI_YELLOW_DEFAULT>5,3</STYL>]"
"JU_SANDAN_NAME";"Самоцвет разброса 3 [<STYL MOJI_YELLOW_DEFAULT>2</STYL>]"
"JU_M096_NAME";"Самоцвет полета/уклонения 4 [<STYL MOJI_YELLOW_DEFAULT>1,5</STYL>]"
"JU_M081_NAME";"Самоцвет ножен/телосложения 4 [<STYL MOJI_YELLOW_DEFAULT>3,5</STYL>]"
"JU_M118_NAME";"Самоцвет прыжка/атаки 4 [<STYL MOJI_YELLOW_DEFAULT>3,7</STYL>]"
"JU_M264_NAME";"Самоцвет заряда/телосложения 4 [<STYL MOJI_YELLOW_DEFAULT>3,5</STYL>]"
"JU_M279_NAME";"Самоцвет критический/телослож. 4 [<STYL MOJI_YELLOW_DEFAULT>3,5</STYL>]"
"JU_SEIBI_NAME";"Самоцвет обслуживания 1 [<STYL MOJI_YELLOW_DEFAULT>5</STYL>]"
"JU_M194_NAME";"Самоцвет ярости/благословения 4 [<STYL MOJI_YELLOW_DEFAULT>5,5</STYL>]"
"JU_M033_NAME";"Самоцвет бесшумности+ 4 [<STYL MOJI_YELLOW_DEFAULT>2</STYL>]"
"JU_M146_NAME";"Самоцвет стойкости/высвобождения 4 [<STYL MOJI_YELLOW_DEFAULT>1,3</STYL>]"
"JU_M201_NAME";"Самоцвет ремесла/благословения 4 [<STYL MOJI_YELLOW_DEFAULT>5,5</STYL>]"
"JU_M236_NAME";"Самоцвет группировки/живучести 4 [<STYL MOJI_YELLOW_DEFAULT>3,3</STYL>]"
"JU_KO_NAME";"Самоцвет нокаута 2 [<STYL MOJI_YELLOW_DEFAULT>5</STYL>]"
"JU_M151_NAME";"Самоцвет метателя/высвобождения 4 [<STYL MOJI_YELLOW_DEFAULT>5,3</STYL>]"
"JU_M063_NAME";"Самоцвет потенциала+ 4 [<STYL MOJI_YELLOW_DEFAULT>4</STYL>]"
"JU_M121_NAME";"Самоцвет точильный/атаки 4 [<STYL MOJI_YELLOW_DEFAULT>3,7</STYL>]"
"JU_SUIMINATK_NAME";"Самоцвет сна 1 [<STYL MOJI_YELLOW_DEFAULT>4</STYL>]"
"JU_KYOUDAN_NAME";"Самоцвет мощного выстрела 3 [<STYL MOJI_YELLOW_DEFAULT>2</STYL>]"
"JU_M282_NAME";"Самоцвет высвобождения/телослож. 4 [<STYL MOJI_YELLOW_DEFAULT>3,5</STYL>]"
"JU_M206_NAME";"Самоцвет уничтожения/лекарств. 4 [<STYL MOJI_YELLOW_DEFAULT>3,3</STYL>]"
"JU_M068_NAME";"Самоцвет дружбы+ 4 [<STYL MOJI_YELLOW_DEFAULT>3</STYL>]"
"JU_M131_NAME";"Самоцвет пресыщения/эксперта 4 [<STYL MOJI_YELLOW_DEFAULT>3,7</STYL>]"
"JU_M176_NAME";"Самоцвет ножен/ремесла 4 [<STYL MOJI_YELLOW_DEFAULT>3,5</STYL>]"
"JU_HIEN_NAME";"Самоцвет полета 2 [<STYL MOJI_YELLOW_DEFAULT>1</STYL>]"
"JU_KAISOKU_NAME";"Самоцвет восстановления 1 [<STYL MOJI_YELLOW_DEFAULT>3</STYL>]"
"JU_M254_NAME";"Самоцвет ярости/обслуживания 4 [<STYL MOJI_YELLOW_DEFAULT>5,5</STYL>]"
"JU_TIGAKU_NAME";"Геологический самоцвет 1 [<STYL MOJI_YELLOW_DEFAULT>3</STYL>]"
"JU_M015_NAME";"Самоцвет ""Парализатор""+ 4 [<STYL MOJI_YELLOW_DEFAULT>2</STYL>]"
"JU_M292_NAME";"Самоцвет вызова/уклонения 4 [<STYL MOJI_YELLOW_DEFAULT>7,5</STYL>]"
"JU_KIZETSU_NAME";"Самоцвет твердости 1 [<STYL MOJI_YELLOW_DEFAULT>3</STYL>]"
"JU_KYUUTI_NAME";"Самоцвет кризиса 1 [<STYL MOJI_YELLOW_DEFAULT>1</STYL>]"
"JU_SUIMIN_NAME";"Самоцвет бодрости 1 [<STYL MOJI_YELLOW_DEFAULT>3</STYL>]"
"JU_M053_NAME";"Твердый самоцвет терпения 4 [<STYL MOJI_YELLOW_DEFAULT>1</STYL>]"
"JU_ITEMSAVE_NAME";"Самоцвет пресыщения 1 [<STYL MOJI_YELLOW_DEFAULT>3</STYL>]"
"JU_KOUYOU_NAME";"Самоцвет усиления 2 [<STYL MOJI_YELLOW_DEFAULT>3</STYL>]"
"JU_TOISHI_NAME";"Точильный самоцвет 1 [<STYL MOJI_YELLOW_DEFAULT>3</STYL>]"
"JU_RESSYOU_NAME";"Самоцвет крови 1 [<STYL MOJI_YELLOW_DEFAULT>3</STYL>]"
"JU_KONSHIN_NAME";"Могучий самоцвет 2 [<STYL MOJI_YELLOW_DEFAULT>5</STYL>]"
"JU_OTOMOUP_NAME";"Самоцвет мяустера 1 [<STYL MOJI_YELLOW_DEFAULT>5</STYL>]"
"JU_M289_NAME";"Амулет антиветра/уклонения 4 [<STYL MOJI_YELLOW_DEFAULT>5,5</STYL>]"
"JU_M091_NAME";"Самоцвет жел. стены/уклонения 4 [<STYL MOJI_YELLOW_DEFAULT>5,5</STYL>]"
"JU_M141_NAME";"Самоцвет бомбардира/эксперта 4 [<STYL MOJI_YELLOW_DEFAULT>5,7</STYL>]"
"JU_M078_NAME";"Самоцвет бегуна/телосложения 4 [<STYL MOJI_YELLOW_DEFAULT>3,5</STYL>]"
"JU_M128_NAME";"Самоцвет кризиса/эксперта 4 [<STYL MOJI_YELLOW_DEFAULT>1,7</STYL>]"
"JU_M043_NAME";"Самоцвет выживания+ 4 [<STYL MOJI_YELLOW_DEFAULT>2</STYL>]"
"JU_M166_NAME";"Самоцвет кризиса/ремесла 4 [<STYL MOJI_YELLOW_DEFAULT>1,5</STYL>]"
"JU_M216_NAME";"Самоцвет группировки/лекарств. 4 [<STYL MOJI_YELLOW_DEFAULT>3,3</STYL>]"
"JU_M005_NAME";"Самоцвет Антивода+ 4 [<STYL MOJI_YELLOW_DEFAULT>2</STYL>]"
"JU_M273_NAME";"Самоцвет безупречный/телослож. 4 [<STYL MOJI_YELLOW_DEFAULT>3,5</STYL>]"
"JU_M109_NAME";"Самоцвет кризиса/атаки 4 [<STYL MOJI_YELLOW_DEFAULT>1,7</STYL>]"
"JU_M172_NAME";"Самоцвет полета/ремесла 4 [<STYL MOJI_YELLOW_DEFAULT>1,5</STYL>]"
"JU_M042_NAME";"Геологический самоцвет+ 4 [<STYL MOJI_YELLOW_DEFAULT>2</STYL>]"
"JU_JIZOKU_NAME";"Самоцвет терпения 1 [<STYL MOJI_YELLOW_DEFAULT>3</STYL>]"
"JU_M211_NAME";"Самоцвет новых сил/лекарственный 4 [<STYL MOJI_YELLOW_DEFAULT>7,3</STYL>]"
"JU_M256_NAME";"Самоцвет группировки/обслужив. 4 [<STYL MOJI_YELLOW_DEFAULT>3,5</STYL>]"
"JU_M087_NAME";"Самоцвет стража/телосложения 4 [<STYL MOJI_YELLOW_DEFAULT>3,5</STYL>]"
"JU_M126_NAME";"Самоцвет высасывания/эксперта 4 [<STYL MOJI_YELLOW_DEFAULT>5,7</STYL>]"
"JU_KYOHEKI_NAME";"Самоцвет щита 2 [<STYL MOJI_YELLOW_DEFAULT>1</STYL>]"
"JU_M058_NAME";"Самоцвет атаки+ 4 [<STYL MOJI_YELLOW_DEFAULT>4</STYL>]"
"JU_RAIZOKU_NAME";"Самоцвет молнии 1 [<STYL MOJI_YELLOW_DEFAULT>6</STYL>]"
"JU_M110_NAME";"Самоцвет железной стены/атаки 4 [<STYL MOJI_YELLOW_DEFAULT>5,7</STYL>]"
"JU_SINGAN_NAME";"Самоцвет мысленного взгляда 2 [<STYL MOJI_YELLOW_DEFAULT>1</STYL>]"
"JU_M138_NAME";"Самоцвет ножен/эксперта 4 [<STYL MOJI_YELLOW_DEFAULT>3,7</STYL>]"
"JU_M244_NAME";"Самоцвет заряда/обслуживания 4 [<STYL MOJI_YELLOW_DEFAULT>3,5</STYL>]"
"JU_M030_NAME";"Самоцвет миазмов+ 4 [<STYL MOJI_YELLOW_DEFAULT>2</STYL>]"
"JU_BOUGYO_NAME";"Самоцвет защиты 1 [<STYL MOJI_YELLOW_DEFAULT>7</STYL>]"
"JU_M025_NAME";"Самоцвет бодрости+ 4 [<STYL MOJI_YELLOW_DEFAULT>2</STYL>]"
"JU_M143_NAME";"Самоцвет скольжения/эксперта 4 [<STYL MOJI_YELLOW_DEFAULT>1,7</STYL>]"
"JU_M239_NAME";"Самоцвет критический/живучести 4 [<STYL MOJI_YELLOW_DEFAULT>3,3</STYL>]"
"JU_M071_NAME";"Самоцвет кризиса/телосложения 4 [<STYL MOJI_YELLOW_DEFAULT>1,5</STYL>]"
"JU_M285_NAME";"Самоцвет усиления/уклонения 4 [<STYL MOJI_YELLOW_DEFAULT>3,5</STYL>]"
"JU_KIRYOKU_NAME";"Самоцвет обновления 2 [<STYL MOJI_YELLOW_DEFAULT>3</STYL>]"
"JU_M290_NAME";"Самоцвет выхвата/уклонения 4 [<STYL MOJI_YELLOW_DEFAULT>3,5</STYL>]"
"JU_M184_NAME";"Самоцвет заряда/благословения 4 [<STYL MOJI_YELLOW_DEFAULT>3,5</STYL>]"
"JU_TAISHIN_NAME";"Самоцвет устойчивости 2 [<STYL MOJI_YELLOW_DEFAULT>3</STYL>]"
"JU_M054_NAME";"Твердый самоцвет защиты 4 [<STYL MOJI_YELLOW_DEFAULT>3</STYL>]"
"JU_M114_NAME";"Самоцвет от сглаза/атаки 4 [<STYL MOJI_YELLOW_DEFAULT>3,7</STYL>]"
"JU_M001_NAME";"Самоцвет феникса 3 [<STYL MOJI_YELLOW_DEFAULT>3</STYL>]"
"JU_M099_NAME";"Самоцвет прыжка/уклонения 4 [<STYL MOJI_YELLOW_DEFAULT>3,5</STYL>]"
"JU_MIZU_NAME";"Самоцвет Антивода 1 [<STYL MOJI_YELLOW_DEFAULT>3</STYL>]"
"JU_GUARDSEI_NAME";"Самоцвет железной стены 1 [<STYL MOJI_YELLOW_DEFAULT>5</STYL>]"
"JU_MUSHIUTI_NAME";"Самоцвет образцов 1 [<STYL MOJI_YELLOW_DEFAULT>3</STYL>]"
"JU_MIKIRI_NAME";"Самоцвет эксперта 1 [<STYL MOJI_YELLOW_DEFAULT>7</STYL>]"
"JU_M167_NAME";"Самоцвет железной стены/ремесла 4 [<STYL MOJI_YELLOW_DEFAULT>5,5</STYL>]"
"JU_M092_NAME";"Самоцвет дружбы/уклонения 4 [<STYL MOJI_YELLOW_DEFAULT>5,5</STYL>]"
"JU_M215_NAME";"Самоцвет могучий/лекарственный 4 [<STYL MOJI_YELLOW_DEFAULT>5,3</STYL>]"
"JU_M268_NAME";"Самоцвет потенциала/телосложения 4 [<STYL MOJI_YELLOW_DEFAULT>7,5</STYL>]"
"JU_GENKIAT_NAME";"Самоцвет высасывания 1 [<STYL MOJI_YELLOW_DEFAULT>5</STYL>]"
"JU_SOUTENUP_NAME";"Самоцвет боезапаса 2 [<STYL MOJI_YELLOW_DEFAULT>1</STYL>]"
"JU_M029_NAME";"Защитный самоцвет+ 4 [<STYL MOJI_YELLOW_DEFAULT>2</STYL>]"
"JU_M300_NAME";"Самоцвет размягчения/уклонения 4 [<STYL MOJI_YELLOW_DEFAULT>3,5</STYL>]"
"JU_BAKUHABIN_NAME";"Самоцвет улучшения взрыва 3 [<STYL MOJI_YELLOW_DEFAULT>1</STYL>]"
"JU_M155_NAME";"Самоцвет обновления/высвобожд. 4 [<STYL MOJI_YELLOW_DEFAULT>3,3</STYL>]"
"JU_M083_NAME";"Самоцвет точильный/телосложения 4 [<STYL MOJI_YELLOW_DEFAULT>3,5</STYL>]"
"JU_M297_NAME";"Самоцвет феникса/уклонения 4 [<STYL MOJI_YELLOW_DEFAULT>3,5</STYL>]"
"JU_ENHUKU_NAME";"Самоцвет дыма 1 [<STYL MOJI_YELLOW_DEFAULT>3</STYL>]"
"JU_KOUIKI_NAME";"Самоцвет дружбы 1 [<STYL MOJI_YELLOW_DEFAULT>5</STYL>]"
"JU_M080_NAME";"Самоцвет прыжка/телосложения 4 [<STYL MOJI_YELLOW_DEFAULT>3,5</STYL>]"
"JU_M227_NAME";"Самоцвет нокаута/живучести 4 [<STYL MOJI_YELLOW_DEFAULT>5,3</STYL>]"
"JU_TOKUSYA_NAME";"Снайперский самоцвет 1 [<STYL MOJI_YELLOW_DEFAULT>2</STYL>]"
"JU_M294_NAME";"Самоцвет ярости/уклонения 4 [<STYL MOJI_YELLOW_DEFAULT>5,5</STYL>]"
"JU_M240_NAME";"Самоцвет размягчения/живучести 4 [<STYL MOJI_YELLOW_DEFAULT>3,3</STYL>]"
"JU_M196_NAME";"Самоцвет группировки/благослов. 4 [<STYL MOJI_YELLOW_DEFAULT>3,5</STYL>]"
"JU_M193_NAME";"Самоцвет безупречный/благослов. 4 [<STYL MOJI_YELLOW_DEFAULT>3,5</STYL>]"
"JU_M013_NAME";"Самоцвет дракона+ 4 [<STYL MOJI_YELLOW_DEFAULT>3</STYL>]"
"JU_M248_NAME";"Самоцвет потенциала/обслуживания 4 [<STYL MOJI_YELLOW_DEFAULT>7,5</STYL>]"
"JU_SYOKUGAKU_NAME";"Ботанический самоцвет 1 [<STYL MOJI_YELLOW_DEFAULT>4</STYL>]"
"JU_M134_NAME";"Самоцвет полета/эксперта 4 [<STYL MOJI_YELLOW_DEFAULT>1,7</STYL>]"
"JU_M179_NAME";"Самоцвет бомбардира/ремесла 4 [<STYL MOJI_YELLOW_DEFAULT>5,5</STYL>]"
"JU_M203_NAME";"Самоцвет устойчивости/лекарств. 4 [<STYL MOJI_YELLOW_DEFAULT>3,3</STYL>]"
"JU_M051_NAME";"Самоцвет терпения+ 4 [<STYL MOJI_YELLOW_DEFAULT>2</STYL>]"
"JU_M181_NAME";"Самоцвет скольжения/ремесла 4 [<STYL MOJI_YELLOW_DEFAULT>1,5</STYL>]"
"JU_M281_NAME";"Самоцвет ремесла/телосложения 4 [<STYL MOJI_YELLOW_DEFAULT>5,5</STYL>]"
"JU_M017_NAME";"Самоцвет взрыва+ 4 [<STYL MOJI_YELLOW_DEFAULT>2</STYL>]"
"JU_KOUGEKI_NAME";"Самоцвет атаки 1 [<STYL MOJI_YELLOW_DEFAULT>7</STYL>]"
"JU_M164_NAME";"Самоцвет высасывания/ремесла 4 [<STYL MOJI_YELLOW_DEFAULT>5,5</STYL>]"
"JU_M218_NAME";"Самоцвет ""беруши""/лекарственный 4 [<STYL MOJI_YELLOW_DEFAULT>5,3</STYL>]"
"JU_M050_NAME";"Твердый самоцвет образцов 4 [<STYL MOJI_YELLOW_DEFAULT>1</STYL>]"
"JU_M095_NAME";"Самоцвет от сглаза/уклонения 4 [<STYL MOJI_YELLOW_DEFAULT>3,5</STYL>]"
"JU_HIZOKU_NAME";"Самоцвет пламени 1 [<STYL MOJI_YELLOW_DEFAULT>6</STYL>]"
"JU_M197_NAME";"Самоцвет феникса/благословения 4 [<STYL MOJI_YELLOW_DEFAULT>3,5</STYL>]"
"JU_M252_NAME";"Самоцвет вызова/обслуживания 4 [<STYL MOJI_YELLOW_DEFAULT>7,5</STYL>]"
"JU_M135_NAME";"Самоцвет бегуна/эксперта 4 [<STYL MOJI_YELLOW_DEFAULT>3,7</STYL>]"
"JU_M247_NAME";"Самоцвет нокаута/обслуживания 4 [<STYL MOJI_YELLOW_DEFAULT>5,5</STYL>]"
"JU_M105_NAME";"Самоцвет скольжения/уклонения 4 [<STYL MOJI_YELLOW_DEFAULT>1,5</STYL>]"
"JU_M277_NAME";"Самоцвет феникса/телосложения 4 [<STYL MOJI_YELLOW_DEFAULT>3,5</STYL>]"
"JU_M066_NAME";"Самоцвет уклонения+ 4 [<STYL MOJI_YELLOW_DEFAULT>3</STYL>]"
"JU_M037_NAME";"Твердый самоцвет устрашения 4 [<STYL MOJI_YELLOW_DEFAULT>1</STYL>]"
"JU_M270_NAME";"Самоцвет выхвата/телосложения 4 [<STYL MOJI_YELLOW_DEFAULT>3,5</STYL>]"
"JU_M106_NAME";"Самоцвет стража/уклонения 4 [<STYL MOJI_YELLOW_DEFAULT>3,5</STYL>]"
"JU_M084_NAME";"Самоцвет бомбардира/телосложения 4 [<STYL MOJI_YELLOW_DEFAULT>5,5</STYL>]"
"JU_M276_NAME";"Самоцвет группировки/телослож. 4 [<STYL MOJI_YELLOW_DEFAULT>3,5</STYL>]"
"JU_M159_NAME";"Самоцвет точильный/высвобождения 4 [<STYL MOJI_YELLOW_DEFAULT>3,3</STYL>]"
"JU_M223_NAME";"Самоцвет устойчивости/живучести 4 [<STYL MOJI_YELLOW_DEFAULT>3,3</STYL>]"
"JU_M261_NAME";"Самоцвет ремесла/обслуживания 4 [<STYL MOJI_YELLOW_DEFAULT>5,5</STYL>]"
"JU_HARAHERI_NAME";"Самоцвет сытости 1 [<STYL MOJI_YELLOW_DEFAULT>3</STYL>]"
"JU_M192_NAME";"Самоцвет вызова/благословения 4 [<STYL MOJI_YELLOW_DEFAULT>7,5</STYL>]"
"JU_M219_NAME";"Самоцвет критический/лекарст. 4 [<STYL MOJI_YELLOW_DEFAULT>3,3</STYL>]"
"JU_GOUZIN_NAME";"Острый самоцвет 2 [<STYL MOJI_YELLOW_DEFAULT>1</STYL>]"
"JU_NUMAWATARI_NAME";"Самоцвет трясины 1 [<STYL MOJI_YELLOW_DEFAULT>3</STYL>]"
"JU_M075_NAME";"Самоцвет метателя/телосложения 4 [<STYL MOJI_YELLOW_DEFAULT>5,5</STYL>]"
"JU_M286_NAME";"Самоцвет уничтожения/уклонения 4 [<STYL MOJI_YELLOW_DEFAULT>3,5</STYL>]"
"JU_M046_NAME";"Звонкий самоцвет+ 4 [<STYL MOJI_YELLOW_DEFAULT>1</STYL>]"
"JU_M188_NAME";"Самоцвет потенциала/благослов. 4 [<STYL MOJI_YELLOW_DEFAULT>7,5</STYL>]"
"JU_M021_NAME";"Твердый самоцвет Антигроза 4 [<STYL MOJI_YELLOW_DEFAULT>1</STYL>]"
"JU_RYUUZOKU_NAME";"Самоцвет дракона 1 [<STYL MOJI_YELLOW_DEFAULT>6</STYL>]"
"JU_M008_NAME";"Самоцвет Антидракон+ 4 [<STYL MOJI_YELLOW_DEFAULT>2</STYL>]"
"JU_M163_NAME";"Самоцвет стража/высвобождения 4 [<STYL MOJI_YELLOW_DEFAULT>3,3</STYL>]"
"JU_M232_NAME";"Самоцвет вызова/живучести 4 [<STYL MOJI_YELLOW_DEFAULT>7,3</STYL>]"
"JU_MAHI_NAME";"Самоцвет ""Антипаралич"" 1 [<STYL MOJI_YELLOW_DEFAULT>3</STYL>]"
"JU_BOUDOWN_NAME";"Защитный самоцвет 1 [<STYL MOJI_YELLOW_DEFAULT>3</STYL>]"
"JU_M173_NAME";"Самоцвет бегуна/ремесла 4 [<STYL MOJI_YELLOW_DEFAULT>3,5</STYL>]"
"JU_M209_NAME";"Самоцвет антиветра/лекарственный 4 [<STYL MOJI_YELLOW_DEFAULT>5,3</STYL>]"
"JU_M012_NAME";"Самоцвет молнии+ 4 [<STYL MOJI_YELLOW_DEFAULT>3</STYL>]"
"JU_M057_NAME";"Самоцвет ""Антиветер""+ 4 [<STYL MOJI_YELLOW_DEFAULT>3</STYL>]"
"JU_M009_NAME";"Самоцвет пламени+ 4 [<STYL MOJI_YELLOW_DEFAULT>3</STYL>]"
"JU_M212_NAME";"Самоцвет вызова/лекарственный 4 [<STYL MOJI_YELLOW_DEFAULT>7,3</STYL>]"
"JU_M125_NAME";"Самоцвет стража/атаки 4 [<STYL MOJI_YELLOW_DEFAULT>3,7</STYL>]"
"JU_M257_NAME";"Самоцвет феникса/обслуживания 4 [<STYL MOJI_YELLOW_DEFAULT>3,5</STYL>]"
"JU_JUUGEKI_NAME";"Самоцвет уничтожения 2 [<STYL MOJI_YELLOW_DEFAULT>3</STYL>]"
"JU_M072_NAME";"Самоцвет жел. стены/телосложения 4 [<STYL MOJI_YELLOW_DEFAULT>5,5</STYL>]"
"JU_M142_NAME";"Самоцвет грибной/эксперта 4 [<STYL MOJI_YELLOW_DEFAULT>3,7</STYL>]"
"JU_KAMINARI_NAME";"Самоцвет Антигроза 1 [<STYL MOJI_YELLOW_DEFAULT>3</STYL>]"
"JU_M026_NAME";"Самоцвет твердости+ 4 [<STYL MOJI_YELLOW_DEFAULT>2</STYL>]"
"JU_M187_NAME";"Самоцвет нокаута/благословения 4 [<STYL MOJI_YELLOW_DEFAULT>5,5</STYL>]"
"JU_HI_NAME";"Самоцвет Антиогонь 1 [<STYL MOJI_YELLOW_DEFAULT>3</STYL>]"
"JU_MIMISEN_NAME";"Самоцвет ""Беруши"" 3 [<STYL MOJI_YELLOW_DEFAULT>5</STYL>]"
"JU_M255_NAME";"Самоцвет могучий/обслуживания 4 [<STYL MOJI_YELLOW_DEFAULT>5,5</STYL>]"
"JU_M260_NAME";"Самоцвет размягчения/обслужив. 4 [<STYL MOJI_YELLOW_DEFAULT>3,5</STYL>]"
"JU_M127_NAME";"Самоцвет стойкости/эксперта 4 [<STYL MOJI_YELLOW_DEFAULT>1,7</STYL>]"
"JU_M060_NAME";"Самоцвет ремесла+ 4 [<STYL MOJI_YELLOW_DEFAULT>3</STYL>]"
"JU_TYOUSEN_NAME";"Самоцвет вызова 2 [<STYL MOJI_YELLOW_DEFAULT>7</STYL>]"
"JU_TAIJYUTSU_NAME";"Самоцвет телосложения 2 [<STYL MOJI_YELLOW_DEFAULT>5</STYL>]"
"JU_M175_NAME";"Самоцвет прыжка/ремесла 4 [<STYL MOJI_YELLOW_DEFAULT>3,5</STYL>]"
"JU_M140_NAME";"Самоцвет точильный/эксперта 4 [<STYL MOJI_YELLOW_DEFAULT>3,7</STYL>]"
"JU_M288_NAME";"Самоцвет потенциала/уклонения 4 [<STYL MOJI_YELLOW_DEFAULT>7,5</STYL>]"
"JU_FULPOWER_NAME";"Безупречный самоцвет 2 [<STYL MOJI_YELLOW_DEFAULT>3</STYL>]"
"JU_M069_NAME";"Самоцвет высасывания/телослож. 4 [<STYL MOJI_YELLOW_DEFAULT>5,5</STYL>]"
"JU_M074_NAME";"Самоцвет пресыщения/телосложения 4 [<STYL MOJI_YELLOW_DEFAULT>3,5</STYL>]"
"JU_TYOKAISIN_NAME";"Критический самоцвет 2 [<STYL MOJI_YELLOW_DEFAULT>3</STYL>]"
"JU_FUE_NAME";"Звонкий самоцвет 1 [<STYL MOJI_YELLOW_DEFAULT>2</STYL>]"
"JU_M070_NAME";"Самоцвет стойкости/телосложения 4 [<STYL MOJI_YELLOW_DEFAULT>1,5</STYL>]"
"JU_M067_NAME";"Самоцвет железной стены+ 4 [<STYL MOJI_YELLOW_DEFAULT>3</STYL>]"
"JU_DOKUBIN_NAME";"Самоцвет улучшения яда 3 [<STYL MOJI_YELLOW_DEFAULT>1</STYL>]"
"JU_M022_NAME";"Твердый самоцвет Антидракон 4 [<STYL MOJI_YELLOW_DEFAULT>1</STYL>]"
"JU_MUGEKI_NAME";"Самоцвет без элемента 2 [<STYL MOJI_YELLOW_DEFAULT>1</STYL>]"
"JU_M253_NAME";"Самоцвет безупречный/обслужив. 4 [<STYL MOJI_YELLOW_DEFAULT>3,5</STYL>]"
"JU_M129_NAME";"Самоцвет железной стены/эксперта 4 [<STYL MOJI_YELLOW_DEFAULT>5,7</STYL>]"
"JU_M016_NAME";"Самоцвет сна+ 4 [<STYL MOJI_YELLOW_DEFAULT>2</STYL>]"
"JU_M152_NAME";"Самоцвет от сглаза/высвобождения 4 [<STYL MOJI_YELLOW_DEFAULT>3,3</STYL>]"
"JU_INZYA_NAME";"Самоцвет бесшумности 1 [<STYL MOJI_YELLOW_DEFAULT>3</STYL>]"
"JU_M291_NAME";"Самоцвет новых сил/уклонения 4 [<STYL MOJI_YELLOW_DEFAULT>7,5</STYL>]"
"JU_M019_NAME";"Твердый самоцвет Антивода 4 [<STYL MOJI_YELLOW_DEFAULT>1</STYL>]"
"JU_M130_NAME";"Самоцвет дружбы/эксперта 4 [<STYL MOJI_YELLOW_DEFAULT>5,7</STYL>]"
"JU_TIYU_NAME";"Лекарственный самоцвет 1 [<STYL MOJI_YELLOW_DEFAULT>3</STYL>]"
"JU_M278_NAME";"Самоцвет ""беруши""/телосложения 4 [<STYL MOJI_YELLOW_DEFAULT>5,5</STYL>]"
"JU_KANTUU_NAME";"Пронзающий самоцвет 3 [<STYL MOJI_YELLOW_DEFAULT>2</STYL>]"
"JU_M139_NAME";"Самоцвет обжорства/эксперта 4 [<STYL MOJI_YELLOW_DEFAULT>3,7</STYL>]"
"JU_M243_NAME";"Самоцвет устойчивости/обслужив. 4 [<STYL MOJI_YELLOW_DEFAULT>3,5</STYL>]"
"JU_M202_NAME";"Самоцвет высвобождения/благосл. 4 [<STYL MOJI_YELLOW_DEFAULT>3,5</STYL>]"
"JU_M205_NAME";"Самоцвет усиления/лекарственный 4 [<STYL MOJI_YELLOW_DEFAULT>3,3</STYL>]"
"JU_M177_NAME";"Самоцвет обжорства/ремесла 4 [<STYL MOJI_YELLOW_DEFAULT>3,5</STYL>]"
"JU_M190_NAME";"Самоцвет выхвата/благословения 4 [<STYL MOJI_YELLOW_DEFAULT>3,5</STYL>]"
"JU_TOUSEKI_NAME";"Самоцвет метателя 1 [<STYL MOJI_YELLOW_DEFAULT>5</STYL>]"
"JU_M303_NAME";"Самоцвет выживания 1 [<STYL MOJI_YELLOW_DEFAULT>3</STYL>]"
"JU_M034_NAME";"Самоцвет устрашения+ 4 [<STYL MOJI_YELLOW_DEFAULT>2</STYL>]"
"JU_KAIHIKYORI_NAME";"Самоцвет прыгучести 2 [<STYL MOJI_YELLOW_DEFAULT>3</STYL>]"
"JU_M079_NAME";"Самоцвет обновления/телосложения 4 [<STYL MOJI_YELLOW_DEFAULT>3,5</STYL>]"
"JU_KYUUKAKU_NAME";"Самоцвет запаха 1 [<STYL MOJI_YELLOW_DEFAULT>1</STYL>]"
"JU_M117_NAME";"Самоцвет обновления/атаки 4 [<STYL MOJI_YELLOW_DEFAULT>3,7</STYL>]"
"JU_M265_NAME";"Самоцвет усиления/телосложения 4 [<STYL MOJI_YELLOW_DEFAULT>3,5</STYL>]"
"JU_M165_NAME";"Самоцвет стойкости/ремесла 4 [<STYL MOJI_YELLOW_DEFAULT>1,5</STYL>]"
"JU_M220_NAME";"Самоцвет размягчения/лекарств. 4 [<STYL MOJI_YELLOW_DEFAULT>3,3</STYL>]"
"JU_M217_NAME";"Самоцвет феникса/лекарственный 4 [<STYL MOJI_YELLOW_DEFAULT>3,3</STYL>]"
"JU_M004_NAME";"Самоцвет Антиогонь+ 4 [<STYL MOJI_YELLOW_DEFAULT>2</STYL>]"
"JU_M049_NAME";"Твердый самоцвет выживания 4 [<STYL MOJI_YELLOW_DEFAULT>1</STYL>]"
"JU_M104_NAME";"Самоцвет грибной/уклонения 4 [<STYL MOJI_YELLOW_DEFAULT>3,5</STYL>]"
"JU_M195_NAME";"Самоцвет могучий/благословения 4 [<STYL MOJI_YELLOW_DEFAULT>5,5</STYL>]"
"JU_M150_NAME";"Самоцвет пресыщения/высвобож. 4 [<STYL MOJI_YELLOW_DEFAULT>3,3</STYL>]"
"JU_M052_NAME";"Самоцвет защиты+ 4 [<STYL MOJI_YELLOW_DEFAULT>4</STYL>]"
"JU_M102_NAME";"Самоцвет точильный/уклонения 4 [<STYL MOJI_YELLOW_DEFAULT>3,5</STYL>]"
"JU_M263_NAME";"Самоцвет устойчивости/телослож. 4 [<STYL MOJI_YELLOW_DEFAULT>3,5</STYL>]"
"JU_M119_NAME";"Самоцвет ножен/атаки 4 [<STYL MOJI_YELLOW_DEFAULT>3,7</STYL>]"
"JU_M180_NAME";"Самоцвет грибной/ремесла 4 [<STYL MOJI_YELLOW_DEFAULT>3,5</STYL>]"
"JU_TANSYUKU_NAME";"Самоцвет заряда 2 [<STYL MOJI_YELLOW_DEFAULT>3</STYL>]"
"JU_TAIRYOKU_NAME";"Самоцвет живучести 1 [<STYL MOJI_YELLOW_DEFAULT>3</STYL>]"
"JU_KAGO_NAME";"Самоцвет благословения 1 [<STYL MOJI_YELLOW_DEFAULT>5</STYL>]"
"JU_M293_NAME";"Самоцвет безупречный/уклонения 4 [<STYL MOJI_YELLOW_DEFAULT>3,5</STYL>]"
"JU_M077_NAME";"Самоцвет полета/телосложения 4 [<STYL MOJI_YELLOW_DEFAULT>1,5</STYL>]"
"JU_M132_NAME";"Самоцвет метателя/эксперта 4 [<STYL MOJI_YELLOW_DEFAULT>5,7</STYL>]"
"JU_M305_NAME";"Самоцвет тепла 2 [<STYL MOJI_YELLOW_DEFAULT>1</STYL>]"
"JU_M082_NAME";"Самоцвет обжорства/телосложения 4 [<STYL MOJI_YELLOW_DEFAULT>3,5</STYL>]"
"JU_M059_NAME";"Самоцвет эксперта+ 4 [<STYL MOJI_YELLOW_DEFAULT>4</STYL>]"
"JU_SUIMINBIN_NAME";"Самоцвет улучшения сна 3 [<STYL MOJI_YELLOW_DEFAULT>1</STYL>]"
"JU_GYAKKYOU_NAME";"Самоцвет стойкости 1 [<STYL MOJI_YELLOW_DEFAULT>1</STYL>]"
"JU_BAKUSHI_NAME";"Самоцвет ""Бомбардировщик"" 1 [<STYL MOJI_YELLOW_DEFAULT>5</STYL>]"
"JU_M062_NAME";"Самоцвет вызова+ 4 [<STYL MOJI_YELLOW_DEFAULT>4</STYL>]"
"JU_M170_NAME";"Самоцвет метателя/ремесла 4 [<STYL MOJI_YELLOW_DEFAULT>5,5</STYL>]"
"JU_M122_NAME";"Самоцвет бомбардира/атаки 4 [<STYL MOJI_YELLOW_DEFAULT>5,7</STYL>]"
"JU_M014_NAME";"Самоцвет отравы+ 4 [<STYL MOJI_YELLOW_DEFAULT>2</STYL>]"
"JU_M207_NAME";"Самоцвет нокаута/лекарственный 4 [<STYL MOJI_YELLOW_DEFAULT>5,3</STYL>]"
"JU_M200_NAME";"Самоцвет размягчения/благослов. 4 [<STYL MOJI_YELLOW_DEFAULT>3,5</STYL>]"
"JU_M137_NAME";"Самоцвет прыжка/эксперта 4 [<STYL MOJI_YELLOW_DEFAULT>3,7</STYL>]"
"JU_M245_NAME";"Самоцвет усиления/обслуживания 4 [<STYL MOJI_YELLOW_DEFAULT>3,5</STYL>]"
"JU_M298_NAME";"Самоцвет ""беруши""/уклонения 4 [<STYL MOJI_YELLOW_DEFAULT>5,5</STYL>]"
"JU_M097_NAME";"Самоцвет бегуна/уклонения 4 [<STYL MOJI_YELLOW_DEFAULT>3,5</STYL>]"
"JU_M210_NAME";"Самоцвет выхвата/лекарственный 4 [<STYL MOJI_YELLOW_DEFAULT>3,3</STYL>]"
"JU_HOUSYU_NAME";"Самоцвет тяжелой артиллерии 1 [<STYL MOJI_YELLOW_DEFAULT>2</STYL>]"
"JU_M235_NAME";"Самоцвет могучий/живучести 4 [<STYL MOJI_YELLOW_DEFAULT>5,3</STYL>]"
"JU_M160_NAME";"Самоцвет бомбардира/высвобожд. 4 [<STYL MOJI_YELLOW_DEFAULT>5,3</STYL>]"
"JU_M283_NAME";"Самоцвет устойчивости/уклонения 4 [<STYL MOJI_YELLOW_DEFAULT>3,5</STYL>]"
"JU_M185_NAME";"Самоцвет усиления/благословения 4 [<STYL MOJI_YELLOW_DEFAULT>3,5</STYL>]"
"JU_M147_NAME";"Самоцвет кризиса/высвобождения 4 [<STYL MOJI_YELLOW_DEFAULT>1,3</STYL>]"
"JU_M024_NAME";"Самоцвет ""Антипаралич""+ 4 [<STYL MOJI_YELLOW_DEFAULT>2</STYL>]"
