"JU_M287_NAME";"ＫＯ・回避珠【４】 [<STYL MOJI_YELLOW_DEFAULT>5</STYL>]"
"JU_M073_NAME";"友愛・体術珠【４】 [<STYL MOJI_YELLOW_DEFAULT>5</STYL>]"
"JU_M112_NAME";"節食・攻撃珠【４】 [<STYL MOJI_YELLOW_DEFAULT>7</STYL>]"
"JU_M157_NAME";"速納・解放珠【４】 [<STYL MOJI_YELLOW_DEFAULT>3</STYL>]"
"JU_M225_NAME";"昂揚・体力珠【４】 [<STYL MOJI_YELLOW_DEFAULT>3</STYL>]"
"JU_BAKUHA_NAME";"耐爆珠【１】 [<STYL MOJI_YELLOW_DEFAULT>3</STYL>]"
"JU_M056_NAME";"防音珠Ⅱ【４】 [<STYL MOJI_YELLOW_DEFAULT>3</STYL>]"
"JU_M011_NAME";"氷結珠Ⅱ【４】 [<STYL MOJI_YELLOW_DEFAULT>3</STYL>]"
"JU_MIZUZOKU_NAME";"流水珠【１】 [<STYL MOJI_YELLOW_DEFAULT>6</STYL>]"
"JU_M242_NAME";"解放・体力珠【４】 [<STYL MOJI_YELLOW_DEFAULT>3</STYL>]"
"JU_M191_NAME";"全開・加護珠【４】 [<STYL MOJI_YELLOW_DEFAULT>7</STYL>]"
"JU_M044_NAME";"沼渡珠Ⅱ【４】 [<STYL MOJI_YELLOW_DEFAULT>2</STYL>]"
"JU_M230_NAME";"抜刀・体力珠【４】 [<STYL MOJI_YELLOW_DEFAULT>3</STYL>]"
"JU_M186_NAME";"重撃・加護珠【４】 [<STYL MOJI_YELLOW_DEFAULT>5</STYL>]"
"JU_M299_NAME";"超心・回避珠【４】 [<STYL MOJI_YELLOW_DEFAULT>5</STYL>]"
"JU_M085_NAME";"茸好・体術珠【４】 [<STYL MOJI_YELLOW_DEFAULT>5</STYL>]"
"JU_RYUU_NAME";"耐龍珠【１】 [<STYL MOJI_YELLOW_DEFAULT>3</STYL>]"
"JU_M039_NAME";"特射珠Ⅱ【４】 [<STYL MOJI_YELLOW_DEFAULT>1</STYL>]"
"JU_M271_NAME";"全開・体術珠【４】 [<STYL MOJI_YELLOW_DEFAULT>7</STYL>]"
"JU_M124_NAME";"滑走・攻撃珠【４】 [<STYL MOJI_YELLOW_DEFAULT>7</STYL>]"
"JU_M258_NAME";"防音・整備珠【４】 [<STYL MOJI_YELLOW_DEFAULT>5</STYL>]"
"JU_M090_NAME";"窮地・回避珠【４】 [<STYL MOJI_YELLOW_DEFAULT>5</STYL>]"
"JU_M023_NAME";"耐毒珠Ⅱ【４】 [<STYL MOJI_YELLOW_DEFAULT>2</STYL>]"
"JU_M006_NAME";"耐氷珠Ⅱ【４】 [<STYL MOJI_YELLOW_DEFAULT>2</STYL>]"
"JU_M162_NAME";"滑走・解放珠【４】 [<STYL MOJI_YELLOW_DEFAULT>3</STYL>]"
"JU_M275_NAME";"渾身・体術珠【４】 [<STYL MOJI_YELLOW_DEFAULT>5</STYL>]"
"JU_M107_NAME";"奪気・攻撃珠【４】 [<STYL MOJI_YELLOW_DEFAULT>7</STYL>]"
"JU_M145_NAME";"奪気・解放珠【４】 [<STYL MOJI_YELLOW_DEFAULT>5</STYL>]"
"JU_M237_NAME";"転福・体力珠【４】 [<STYL MOJI_YELLOW_DEFAULT>3</STYL>]"
"JU_M061_NAME";"全開珠Ⅱ【４】 [<STYL MOJI_YELLOW_DEFAULT>4</STYL>]"
"JU_TAISYOUKI_NAME";"耐瘴珠【１】 [<STYL MOJI_YELLOW_DEFAULT>3</STYL>]"
"JU_MAHIBIN_NAME";"痺瓶珠【３】 [<STYL MOJI_YELLOW_DEFAULT>1</STYL>]"
"JU_M089_NAME";"逆境・回避珠【４】 [<STYL MOJI_YELLOW_DEFAULT>5</STYL>]"
"JU_M246_NAME";"重撃・整備珠【４】 [<STYL MOJI_YELLOW_DEFAULT>5</STYL>]"
"JU_M249_NAME";"防風・整備珠【４】 [<STYL MOJI_YELLOW_DEFAULT>5</STYL>]"
"JU_M133_NAME";"耐属・達人珠【４】 [<STYL MOJI_YELLOW_DEFAULT>7</STYL>]"
"JU_TUUGEKI_NAME";"痛撃珠【２】 [<STYL MOJI_YELLOW_DEFAULT>3</STYL>]"
"JU_DOKU_NAME";"耐毒珠【１】 [<STYL MOJI_YELLOW_DEFAULT>3</STYL>]"
"JU_M032_NAME";"早復珠Ⅱ【４】 [<STYL MOJI_YELLOW_DEFAULT>2</STYL>]"
"JU_M035_NAME";"采配珠Ⅱ【４】 [<STYL MOJI_YELLOW_DEFAULT>3</STYL>]"
"JU_M136_NAME";"早気・達人珠【４】 [<STYL MOJI_YELLOW_DEFAULT>7</STYL>]"
"JU_LOVEKINOKO_NAME";"茸好珠【１】 [<STYL MOJI_YELLOW_DEFAULT>3</STYL>]"
"JU_RYUUHUU_NAME";"龍封珠【３】 [<STYL MOJI_YELLOW_DEFAULT>1</STYL>]"
"JU_M208_NAME";"底力・治癒珠【４】 [<STYL MOJI_YELLOW_DEFAULT>7</STYL>]"
"JU_M221_NAME";"匠・治癒珠【４】 [<STYL MOJI_YELLOW_DEFAULT>5</STYL>]"
"JU_M174_NAME";"早気・匠珠【４】 [<STYL MOJI_YELLOW_DEFAULT>5</STYL>]"
"JU_KASSOU_NAME";"滑走珠【２】 [<STYL MOJI_YELLOW_DEFAULT>1</STYL>]"
"JU_M020_NAME";"耐氷珠Ⅲ【４】 [<STYL MOJI_YELLOW_DEFAULT>1</STYL>]"
"JU_SOKODIKARA_NAME";"底力珠【２】 [<STYL MOJI_YELLOW_DEFAULT>7</STYL>]"
"JU_M065_NAME";"体術珠Ⅱ【４】 [<STYL MOJI_YELLOW_DEFAULT>3</STYL>]"
"JU_M120_NAME";"早食・攻撃珠【４】 [<STYL MOJI_YELLOW_DEFAULT>7</STYL>]"
"JU_TAISYOUGEKI_NAME";"耐衝珠【３】 [<STYL MOJI_YELLOW_DEFAULT>3</STYL>]"
"JU_MAHIATK_NAME";"麻痺珠【１】 [<STYL MOJI_YELLOW_DEFAULT>4</STYL>]"
"JU_M064_NAME";"逆上珠Ⅱ【４】 [<STYL MOJI_YELLOW_DEFAULT>3</STYL>]"
"JU_M295_NAME";"渾身・回避珠【４】 [<STYL MOJI_YELLOW_DEFAULT>5</STYL>]"
"JU_M003_NAME";"耐暑珠【２】 [<STYL MOJI_YELLOW_DEFAULT>1</STYL>]"
"JU_M250_NAME";"抜刀・整備珠【４】 [<STYL MOJI_YELLOW_DEFAULT>5</STYL>]"
"JU_M018_NAME";"耐火珠Ⅲ【４】 [<STYL MOJI_YELLOW_DEFAULT>1</STYL>]"
"JU_M116_NAME";"強走・攻撃珠【４】 [<STYL MOJI_YELLOW_DEFAULT>7</STYL>]"
"JU_M047_NAME";"植学珠Ⅳ【４】 [<STYL MOJI_YELLOW_DEFAULT>1</STYL>]"
"JU_M036_NAME";"潜伏珠Ⅲ【４】 [<STYL MOJI_YELLOW_DEFAULT>1</STYL>]"
"JU_M183_NAME";"耐震・加護珠【４】 [<STYL MOJI_YELLOW_DEFAULT>5</STYL>]"
"JU_SUTAMINA_NAME";"強走珠【２】 [<STYL MOJI_YELLOW_DEFAULT>3</STYL>]"
"JU_M149_NAME";"友愛・解放珠【４】 [<STYL MOJI_YELLOW_DEFAULT>5</STYL>]"
"JU_M204_NAME";"短縮・治癒珠【４】 [<STYL MOJI_YELLOW_DEFAULT>3</STYL>]"
"JU_M178_NAME";"研磨・匠珠【４】 [<STYL MOJI_YELLOW_DEFAULT>5</STYL>]"
"JU_M233_NAME";"無傷・体力珠【４】 [<STYL MOJI_YELLOW_DEFAULT>3</STYL>]"
"JU_KOORI_NAME";"耐氷珠【１】 [<STYL MOJI_YELLOW_DEFAULT>3</STYL>]"
"JU_M296_NAME";"耐衝・回避珠【４】 [<STYL MOJI_YELLOW_DEFAULT>5</STYL>]"
"JU_M302_NAME";"解放・回避珠【４】 [<STYL MOJI_YELLOW_DEFAULT>5</STYL>]"
"JU_IKAKU_NAME";"威嚇珠【１】 [<STYL MOJI_YELLOW_DEFAULT>3</STYL>]"
"JU_M093_NAME";"節食・回避珠【４】 [<STYL MOJI_YELLOW_DEFAULT>5</STYL>]"
"JU_HONKI_NAME";"全開珠【２】 [<STYL MOJI_YELLOW_DEFAULT>7</STYL>]"
"JU_M266_NAME";"重撃・体術珠【４】 [<STYL MOJI_YELLOW_DEFAULT>5</STYL>]"
"JU_NOUTOU_NAME";"速納珠【１】 [<STYL MOJI_YELLOW_DEFAULT>3</STYL>]"
"JU_GYAKUJYO_NAME";"逆上珠【２】 [<STYL MOJI_YELLOW_DEFAULT>5</STYL>]"
"JU_M031_NAME";"無食珠Ⅱ【４】 [<STYL MOJI_YELLOW_DEFAULT>2</STYL>]"
"JU_M228_NAME";"底力・体力珠【４】 [<STYL MOJI_YELLOW_DEFAULT>7</STYL>]"
"JU_M154_NAME";"強走・解放珠【４】 [<STYL MOJI_YELLOW_DEFAULT>3</STYL>]"
"JU_M222_NAME";"解放・治癒珠【４】 [<STYL MOJI_YELLOW_DEFAULT>3</STYL>]"
"JU_M115_NAME";"飛燕・攻撃珠【４】 [<STYL MOJI_YELLOW_DEFAULT>7</STYL>]"
"JU_M267_NAME";"ＫＯ・体術珠【４】 [<STYL MOJI_YELLOW_DEFAULT>5</STYL>]"
"JU_TAKUMI_NAME";"匠珠【３】 [<STYL MOJI_YELLOW_DEFAULT>5</STYL>]"
"JU_M198_NAME";"防音・加護珠【４】 [<STYL MOJI_YELLOW_DEFAULT>5</STYL>]"
"JU_M153_NAME";"飛燕・解放珠【４】 [<STYL MOJI_YELLOW_DEFAULT>3</STYL>]"
"JU_M100_NAME";"速納・回避珠【４】 [<STYL MOJI_YELLOW_DEFAULT>5</STYL>]"
"JU_M229_NAME";"防風・体力珠【４】 [<STYL MOJI_YELLOW_DEFAULT>5</STYL>]"
"JU_M169_NAME";"節食・匠珠【４】 [<STYL MOJI_YELLOW_DEFAULT>5</STYL>]"
"JU_M002_NAME";"守勢珠【２】 [<STYL MOJI_YELLOW_DEFAULT>3</STYL>]"
"JU_M280_NAME";"痛撃・体術珠【４】 [<STYL MOJI_YELLOW_DEFAULT>5</STYL>]"
"JU_M027_NAME";"耐爆珠Ⅱ【４】 [<STYL MOJI_YELLOW_DEFAULT>2</STYL>]"
"JU_M144_NAME";"守勢・達人珠【４】 [<STYL MOJI_YELLOW_DEFAULT>7</STYL>]"
"JU_M238_NAME";"防音・体力珠【４】 [<STYL MOJI_YELLOW_DEFAULT>5</STYL>]"
"JU_M301_NAME";"匠・回避珠【４】 [<STYL MOJI_YELLOW_DEFAULT>5</STYL>]"
"JU_M094_NAME";"投石・回避珠【４】 [<STYL MOJI_YELLOW_DEFAULT>5</STYL>]"
"JU_KAIHI_NAME";"回避珠【２】 [<STYL MOJI_YELLOW_DEFAULT>5</STYL>]"
"JU_M040_NAME";"砲手珠Ⅱ【４】 [<STYL MOJI_YELLOW_DEFAULT>1</STYL>]"
"JU_M251_NAME";"全開・整備珠【４】 [<STYL MOJI_YELLOW_DEFAULT>7</STYL>]"
"JU_HOUJUTU_NAME";"砲術珠【１】 [<STYL MOJI_YELLOW_DEFAULT>5</STYL>]"
"JU_M213_NAME";"無傷・治癒珠【４】 [<STYL MOJI_YELLOW_DEFAULT>3</STYL>]"
"JU_M182_NAME";"守勢・匠珠【４】 [<STYL MOJI_YELLOW_DEFAULT>5</STYL>]"
"JU_HAYAGUI_NAME";"早食珠【１】 [<STYL MOJI_YELLOW_DEFAULT>3</STYL>]"
"JU_M272_NAME";"挑戦・体術珠【４】 [<STYL MOJI_YELLOW_DEFAULT>7</STYL>]"
"JU_M111_NAME";"友愛・攻撃珠【４】 [<STYL MOJI_YELLOW_DEFAULT>7</STYL>]"
"JU_M156_NAME";"跳躍・解放珠【４】 [<STYL MOJI_YELLOW_DEFAULT>3</STYL>]"
"JU_M226_NAME";"重撃・体力珠【４】 [<STYL MOJI_YELLOW_DEFAULT>3</STYL>]"
"JU_M113_NAME";"投石・攻撃珠【４】 [<STYL MOJI_YELLOW_DEFAULT>7</STYL>]"
"JU_M269_NAME";"防風・体術珠【４】 [<STYL MOJI_YELLOW_DEFAULT>5</STYL>]"
"JU_M055_NAME";"砲術珠Ⅱ【４】 [<STYL MOJI_YELLOW_DEFAULT>3</STYL>]"
"JU_BOUHUU_NAME";"防風珠【２】 [<STYL MOJI_YELLOW_DEFAULT>5</STYL>]"
"JU_M189_NAME";"防風・加護珠【４】 [<STYL MOJI_YELLOW_DEFAULT>5</STYL>]"
"JU_M041_NAME";"植学珠Ⅱ【４】 [<STYL MOJI_YELLOW_DEFAULT>2</STYL>]"
"JU_M241_NAME";"匠・体力珠【４】 [<STYL MOJI_YELLOW_DEFAULT>5</STYL>]"
"JU_M088_NAME";"奪気・回避珠【４】 [<STYL MOJI_YELLOW_DEFAULT>5</STYL>]"
"JU_M028_NAME";"耐裂珠Ⅱ【４】 [<STYL MOJI_YELLOW_DEFAULT>2</STYL>]"
"JU_ZOKUKAI_NAME";"解放珠【３】 [<STYL MOJI_YELLOW_DEFAULT>3</STYL>]"
"JU_M108_NAME";"逆境・攻撃珠【４】 [<STYL MOJI_YELLOW_DEFAULT>7</STYL>]"
"JU_M274_NAME";"逆上・体術珠【４】 [<STYL MOJI_YELLOW_DEFAULT>5</STYL>]"
"JU_M306_NAME";"陽動珠【３】 [<STYL MOJI_YELLOW_DEFAULT>1</STYL>]"
"JU_M123_NAME";"茸好・攻撃珠【４】 [<STYL MOJI_YELLOW_DEFAULT>7</STYL>]"
"JU_M076_NAME";"耐属・体術珠【４】 [<STYL MOJI_YELLOW_DEFAULT>5</STYL>]"
"JU_M231_NAME";"全開・体力珠【４】 [<STYL MOJI_YELLOW_DEFAULT>7</STYL>]"
"JU_M284_NAME";"短縮・回避珠【４】 [<STYL MOJI_YELLOW_DEFAULT>5</STYL>]"
"JU_M168_NAME";"友愛・匠珠【４】 [<STYL MOJI_YELLOW_DEFAULT>5</STYL>]"
"JU_M214_NAME";"逆上・治癒珠【４】 [<STYL MOJI_YELLOW_DEFAULT>5</STYL>]"
"JU_M262_NAME";"解放・整備珠【４】 [<STYL MOJI_YELLOW_DEFAULT>5</STYL>]"
"JU_M259_NAME";"超心・整備珠【４】 [<STYL MOJI_YELLOW_DEFAULT>5</STYL>]"
"JU_M199_NAME";"超心・加護珠【４】 [<STYL MOJI_YELLOW_DEFAULT>5</STYL>]"
"JU_M007_NAME";"耐雷珠Ⅱ【４】 [<STYL MOJI_YELLOW_DEFAULT>2</STYL>]"
"JU_M161_NAME";"茸好・解放珠【４】 [<STYL MOJI_YELLOW_DEFAULT>3</STYL>]"
"JU_DOKUATK_NAME";"毒珠【１】 [<STYL MOJI_YELLOW_DEFAULT>4</STYL>]"
"JU_M045_NAME";"標本珠Ⅱ【４】 [<STYL MOJI_YELLOW_DEFAULT>2</STYL>]"
"JU_GOUKYU_NAME";"強弓珠【２】 [<STYL MOJI_YELLOW_DEFAULT>1</STYL>]"
"JU_M098_NAME";"早気・回避珠【４】 [<STYL MOJI_YELLOW_DEFAULT>5</STYL>]"
"JU_M224_NAME";"短縮・体力珠【４】 [<STYL MOJI_YELLOW_DEFAULT>3</STYL>]"
"JU_M010_NAME";"流水珠Ⅱ【４】 [<STYL MOJI_YELLOW_DEFAULT>3</STYL>]"
"JU_M038_NAME";"采配珠Ⅲ【４】 [<STYL MOJI_YELLOW_DEFAULT>2</STYL>]"
"JU_M086_NAME";"滑走・体術珠【４】 [<STYL MOJI_YELLOW_DEFAULT>5</STYL>]"
"JU_M101_NAME";"早食・回避珠【４】 [<STYL MOJI_YELLOW_DEFAULT>5</STYL>]"
"JU_M171_NAME";"耐属・匠珠【４】 [<STYL MOJI_YELLOW_DEFAULT>5</STYL>]"
"JU_BAKUHAATK_NAME";"爆破珠【１】 [<STYL MOJI_YELLOW_DEFAULT>4</STYL>]"
"JU_M158_NAME";"早食・解放珠【４】 [<STYL MOJI_YELLOW_DEFAULT>3</STYL>]"
"JU_KOURIZOKU_NAME";"氷結珠【１】 [<STYL MOJI_YELLOW_DEFAULT>6</STYL>]"
"JU_M234_NAME";"逆上・体力珠【４】 [<STYL MOJI_YELLOW_DEFAULT>5</STYL>]"
"JU_TAIZOKU_NAME";"耐属珠【１】 [<STYL MOJI_YELLOW_DEFAULT>3</STYL>]"
"JU_BATTOU_NAME";"抜刀珠【２】 [<STYL MOJI_YELLOW_DEFAULT>3</STYL>]"
"JU_M048_NAME";"地学珠Ⅲ【４】 [<STYL MOJI_YELLOW_DEFAULT>1</STYL>]"
"JU_M103_NAME";"爆師・回避珠【４】 [<STYL MOJI_YELLOW_DEFAULT>5</STYL>]"
"JU_M148_NAME";"鉄壁・解放珠【４】 [<STYL MOJI_YELLOW_DEFAULT>5</STYL>]"
"JU_SANDAN_NAME";"散弾珠【３】 [<STYL MOJI_YELLOW_DEFAULT>2</STYL>]"
"JU_M096_NAME";"飛燕・回避珠【４】 [<STYL MOJI_YELLOW_DEFAULT>5</STYL>]"
"JU_M081_NAME";"速納・体術珠【４】 [<STYL MOJI_YELLOW_DEFAULT>5</STYL>]"
"JU_M118_NAME";"跳躍・攻撃珠【４】 [<STYL MOJI_YELLOW_DEFAULT>7</STYL>]"
"JU_M264_NAME";"短縮・体術珠【４】 [<STYL MOJI_YELLOW_DEFAULT>5</STYL>]"
"JU_M279_NAME";"超心・体術珠【４】 [<STYL MOJI_YELLOW_DEFAULT>5</STYL>]"
"JU_SEIBI_NAME";"整備珠【１】 [<STYL MOJI_YELLOW_DEFAULT>5</STYL>]"
"JU_M194_NAME";"逆上・加護珠【４】 [<STYL MOJI_YELLOW_DEFAULT>5</STYL>]"
"JU_M033_NAME";"潜伏珠Ⅱ【４】 [<STYL MOJI_YELLOW_DEFAULT>2</STYL>]"
"JU_M146_NAME";"逆境・解放珠【４】 [<STYL MOJI_YELLOW_DEFAULT>3</STYL>]"
"JU_M201_NAME";"匠・加護珠【４】 [<STYL MOJI_YELLOW_DEFAULT>5</STYL>]"
"JU_M236_NAME";"耐衝・体力珠【４】 [<STYL MOJI_YELLOW_DEFAULT>3</STYL>]"
"JU_KO_NAME";"ＫＯ珠【２】 [<STYL MOJI_YELLOW_DEFAULT>5</STYL>]"
"JU_M151_NAME";"投石・解放珠【４】 [<STYL MOJI_YELLOW_DEFAULT>5</STYL>]"
"JU_M063_NAME";"底力珠Ⅱ【４】 [<STYL MOJI_YELLOW_DEFAULT>4</STYL>]"
"JU_M121_NAME";"研磨・攻撃珠【４】 [<STYL MOJI_YELLOW_DEFAULT>7</STYL>]"
"JU_SUIMINATK_NAME";"睡眠珠【１】 [<STYL MOJI_YELLOW_DEFAULT>4</STYL>]"
"JU_KYOUDAN_NAME";"強弾珠【３】 [<STYL MOJI_YELLOW_DEFAULT>2</STYL>]"
"JU_M282_NAME";"解放・体術珠【４】 [<STYL MOJI_YELLOW_DEFAULT>5</STYL>]"
"JU_M206_NAME";"重撃・治癒珠【４】 [<STYL MOJI_YELLOW_DEFAULT>3</STYL>]"
"JU_M068_NAME";"友愛珠Ⅱ【４】 [<STYL MOJI_YELLOW_DEFAULT>3</STYL>]"
"JU_M131_NAME";"節食・達人珠【４】 [<STYL MOJI_YELLOW_DEFAULT>7</STYL>]"
"JU_M176_NAME";"速納・匠珠【４】 [<STYL MOJI_YELLOW_DEFAULT>5</STYL>]"
"JU_HIEN_NAME";"飛燕珠【２】 [<STYL MOJI_YELLOW_DEFAULT>1</STYL>]"
"JU_KAISOKU_NAME";"早復珠【１】 [<STYL MOJI_YELLOW_DEFAULT>3</STYL>]"
"JU_M254_NAME";"逆上・整備珠【４】 [<STYL MOJI_YELLOW_DEFAULT>5</STYL>]"
"JU_TIGAKU_NAME";"地学珠【１】 [<STYL MOJI_YELLOW_DEFAULT>3</STYL>]"
"JU_M015_NAME";"麻痺珠Ⅱ【４】 [<STYL MOJI_YELLOW_DEFAULT>2</STYL>]"
"JU_M292_NAME";"挑戦・回避珠【４】 [<STYL MOJI_YELLOW_DEFAULT>7</STYL>]"
"JU_KIZETSU_NAME";"耐絶珠【１】 [<STYL MOJI_YELLOW_DEFAULT>3</STYL>]"
"JU_KYUUTI_NAME";"窮地珠【１】 [<STYL MOJI_YELLOW_DEFAULT>1</STYL>]"
"JU_SUIMIN_NAME";"耐眠珠【１】 [<STYL MOJI_YELLOW_DEFAULT>3</STYL>]"
"JU_M053_NAME";"持続珠Ⅲ【４】 [<STYL MOJI_YELLOW_DEFAULT>1</STYL>]"
"JU_ITEMSAVE_NAME";"節食珠【１】 [<STYL MOJI_YELLOW_DEFAULT>3</STYL>]"
"JU_KOUYOU_NAME";"昂揚珠【２】 [<STYL MOJI_YELLOW_DEFAULT>3</STYL>]"
"JU_TOISHI_NAME";"研磨珠【１】 [<STYL MOJI_YELLOW_DEFAULT>3</STYL>]"
"JU_RESSYOU_NAME";"耐裂珠【１】 [<STYL MOJI_YELLOW_DEFAULT>3</STYL>]"
"JU_KONSHIN_NAME";"渾身珠【２】 [<STYL MOJI_YELLOW_DEFAULT>5</STYL>]"
"JU_OTOMOUP_NAME";"采配珠【１】 [<STYL MOJI_YELLOW_DEFAULT>5</STYL>]"
"JU_M289_NAME";"防風・回避珠【４】 [<STYL MOJI_YELLOW_DEFAULT>5</STYL>]"
"JU_M091_NAME";"鉄壁・回避珠【４】 [<STYL MOJI_YELLOW_DEFAULT>5</STYL>]"
"JU_M141_NAME";"爆師・達人珠【４】 [<STYL MOJI_YELLOW_DEFAULT>7</STYL>]"
"JU_M078_NAME";"強走・体術珠【４】 [<STYL MOJI_YELLOW_DEFAULT>5</STYL>]"
"JU_M128_NAME";"窮地・達人珠【４】 [<STYL MOJI_YELLOW_DEFAULT>7</STYL>]"
"JU_M043_NAME";"環境珠Ⅱ【４】 [<STYL MOJI_YELLOW_DEFAULT>2</STYL>]"
"JU_M166_NAME";"窮地・匠珠【４】 [<STYL MOJI_YELLOW_DEFAULT>5</STYL>]"
"JU_M216_NAME";"耐衝・治癒珠【４】 [<STYL MOJI_YELLOW_DEFAULT>3</STYL>]"
"JU_M005_NAME";"耐水珠Ⅱ【４】 [<STYL MOJI_YELLOW_DEFAULT>2</STYL>]"
"JU_M273_NAME";"無傷・体術珠【４】 [<STYL MOJI_YELLOW_DEFAULT>5</STYL>]"
"JU_M109_NAME";"窮地・攻撃珠【４】 [<STYL MOJI_YELLOW_DEFAULT>7</STYL>]"
"JU_M172_NAME";"飛燕・匠珠【４】 [<STYL MOJI_YELLOW_DEFAULT>5</STYL>]"
"JU_M042_NAME";"地学珠Ⅱ【４】 [<STYL MOJI_YELLOW_DEFAULT>2</STYL>]"
"JU_JIZOKU_NAME";"持続珠【１】 [<STYL MOJI_YELLOW_DEFAULT>3</STYL>]"
"JU_M211_NAME";"全開・治癒珠【４】 [<STYL MOJI_YELLOW_DEFAULT>7</STYL>]"
"JU_M256_NAME";"耐衝・整備珠【４】 [<STYL MOJI_YELLOW_DEFAULT>5</STYL>]"
"JU_M087_NAME";"守勢・体術珠【４】 [<STYL MOJI_YELLOW_DEFAULT>5</STYL>]"
"JU_M126_NAME";"奪気・達人珠【４】 [<STYL MOJI_YELLOW_DEFAULT>7</STYL>]"
"JU_KYOHEKI_NAME";"強壁珠【２】 [<STYL MOJI_YELLOW_DEFAULT>1</STYL>]"
"JU_M058_NAME";"攻撃珠Ⅱ【４】 [<STYL MOJI_YELLOW_DEFAULT>4</STYL>]"
"JU_RAIZOKU_NAME";"雷光珠【１】 [<STYL MOJI_YELLOW_DEFAULT>6</STYL>]"
"JU_M110_NAME";"鉄壁・攻撃珠【４】 [<STYL MOJI_YELLOW_DEFAULT>7</STYL>]"
"JU_SINGAN_NAME";"心眼珠【２】 [<STYL MOJI_YELLOW_DEFAULT>1</STYL>]"
"JU_M138_NAME";"速納・達人珠【４】 [<STYL MOJI_YELLOW_DEFAULT>7</STYL>]"
"JU_M244_NAME";"短縮・整備珠【４】 [<STYL MOJI_YELLOW_DEFAULT>5</STYL>]"
"JU_M030_NAME";"耐瘴珠Ⅱ【４】 [<STYL MOJI_YELLOW_DEFAULT>2</STYL>]"
"JU_BOUGYO_NAME";"防御珠【１】 [<STYL MOJI_YELLOW_DEFAULT>7</STYL>]"
"JU_M025_NAME";"耐眠珠Ⅱ【４】 [<STYL MOJI_YELLOW_DEFAULT>2</STYL>]"
"JU_M143_NAME";"滑走・達人珠【４】 [<STYL MOJI_YELLOW_DEFAULT>7</STYL>]"
"JU_M239_NAME";"超心・体力珠【４】 [<STYL MOJI_YELLOW_DEFAULT>3</STYL>]"
"JU_M071_NAME";"窮地・体術珠【４】 [<STYL MOJI_YELLOW_DEFAULT>5</STYL>]"
"JU_M285_NAME";"昂揚・回避珠【４】 [<STYL MOJI_YELLOW_DEFAULT>5</STYL>]"
"JU_KIRYOKU_NAME";"早気珠【２】 [<STYL MOJI_YELLOW_DEFAULT>3</STYL>]"
"JU_M290_NAME";"抜刀・回避珠【４】 [<STYL MOJI_YELLOW_DEFAULT>5</STYL>]"
"JU_M184_NAME";"短縮・加護珠【４】 [<STYL MOJI_YELLOW_DEFAULT>5</STYL>]"
"JU_TAISHIN_NAME";"耐震珠【２】 [<STYL MOJI_YELLOW_DEFAULT>3</STYL>]"
"JU_M054_NAME";"防御珠Ⅲ【４】 [<STYL MOJI_YELLOW_DEFAULT>3</STYL>]"
"JU_M114_NAME";"耐属・攻撃珠【４】 [<STYL MOJI_YELLOW_DEFAULT>7</STYL>]"
"JU_M001_NAME";"転福珠【３】 [<STYL MOJI_YELLOW_DEFAULT>3</STYL>]"
"JU_M099_NAME";"跳躍・回避珠【４】 [<STYL MOJI_YELLOW_DEFAULT>5</STYL>]"
"JU_MIZU_NAME";"耐水珠【１】 [<STYL MOJI_YELLOW_DEFAULT>3</STYL>]"
"JU_GUARDSEI_NAME";"鉄壁珠【１】 [<STYL MOJI_YELLOW_DEFAULT>5</STYL>]"
"JU_MUSHIUTI_NAME";"標本珠【１】 [<STYL MOJI_YELLOW_DEFAULT>3</STYL>]"
"JU_MIKIRI_NAME";"達人珠【１】 [<STYL MOJI_YELLOW_DEFAULT>7</STYL>]"
"JU_M167_NAME";"鉄壁・匠珠【４】 [<STYL MOJI_YELLOW_DEFAULT>5</STYL>]"
"JU_M092_NAME";"友愛・回避珠【４】 [<STYL MOJI_YELLOW_DEFAULT>5</STYL>]"
"JU_M215_NAME";"渾身・治癒珠【４】 [<STYL MOJI_YELLOW_DEFAULT>5</STYL>]"
"JU_M268_NAME";"底力・体術珠【４】 [<STYL MOJI_YELLOW_DEFAULT>7</STYL>]"
"JU_GENKIAT_NAME";"奪気珠【１】 [<STYL MOJI_YELLOW_DEFAULT>5</STYL>]"
"JU_SOUTENUP_NAME";"増弾珠【２】 [<STYL MOJI_YELLOW_DEFAULT>1</STYL>]"
"JU_M029_NAME";"耐防珠Ⅱ【４】 [<STYL MOJI_YELLOW_DEFAULT>2</STYL>]"
"JU_M300_NAME";"痛撃・回避珠【４】 [<STYL MOJI_YELLOW_DEFAULT>5</STYL>]"
"JU_BAKUHABIN_NAME";"爆瓶珠【３】 [<STYL MOJI_YELLOW_DEFAULT>1</STYL>]"
"JU_M155_NAME";"早気・解放珠【４】 [<STYL MOJI_YELLOW_DEFAULT>3</STYL>]"
"JU_M083_NAME";"研磨・体術珠【４】 [<STYL MOJI_YELLOW_DEFAULT>5</STYL>]"
"JU_M297_NAME";"転福・回避珠【４】 [<STYL MOJI_YELLOW_DEFAULT>5</STYL>]"
"JU_ENHUKU_NAME";"煙復珠【１】 [<STYL MOJI_YELLOW_DEFAULT>3</STYL>]"
"JU_KOUIKI_NAME";"友愛珠【１】 [<STYL MOJI_YELLOW_DEFAULT>5</STYL>]"
"JU_M080_NAME";"跳躍・体術珠【４】 [<STYL MOJI_YELLOW_DEFAULT>5</STYL>]"
"JU_M227_NAME";"ＫＯ・体力珠【４】 [<STYL MOJI_YELLOW_DEFAULT>5</STYL>]"
"JU_TOKUSYA_NAME";"特射珠【１】 [<STYL MOJI_YELLOW_DEFAULT>2</STYL>]"
"JU_M294_NAME";"逆上・回避珠【４】 [<STYL MOJI_YELLOW_DEFAULT>5</STYL>]"
"JU_M240_NAME";"痛撃・体力珠【４】 [<STYL MOJI_YELLOW_DEFAULT>3</STYL>]"
"JU_M196_NAME";"耐衝・加護珠【４】 [<STYL MOJI_YELLOW_DEFAULT>5</STYL>]"
"JU_M193_NAME";"無傷・加護珠【４】 [<STYL MOJI_YELLOW_DEFAULT>5</STYL>]"
"JU_M013_NAME";"破龍珠Ⅱ【４】 [<STYL MOJI_YELLOW_DEFAULT>3</STYL>]"
"JU_M248_NAME";"底力・整備珠【４】 [<STYL MOJI_YELLOW_DEFAULT>7</STYL>]"
"JU_SYOKUGAKU_NAME";"植学珠【１】 [<STYL MOJI_YELLOW_DEFAULT>4</STYL>]"
"JU_M134_NAME";"飛燕・達人珠【４】 [<STYL MOJI_YELLOW_DEFAULT>7</STYL>]"
"JU_M179_NAME";"爆師・匠珠【４】 [<STYL MOJI_YELLOW_DEFAULT>5</STYL>]"
"JU_M203_NAME";"耐震・治癒珠【４】 [<STYL MOJI_YELLOW_DEFAULT>3</STYL>]"
"JU_M051_NAME";"持続珠Ⅱ【４】 [<STYL MOJI_YELLOW_DEFAULT>2</STYL>]"
"JU_M181_NAME";"滑走・匠珠【４】 [<STYL MOJI_YELLOW_DEFAULT>5</STYL>]"
"JU_M281_NAME";"匠・体術珠【４】 [<STYL MOJI_YELLOW_DEFAULT>5</STYL>]"
"JU_M017_NAME";"爆破珠Ⅱ【４】 [<STYL MOJI_YELLOW_DEFAULT>2</STYL>]"
"JU_KOUGEKI_NAME";"攻撃珠【１】 [<STYL MOJI_YELLOW_DEFAULT>7</STYL>]"
"JU_M164_NAME";"奪気・匠珠【４】 [<STYL MOJI_YELLOW_DEFAULT>5</STYL>]"
"JU_M218_NAME";"防音・治癒珠【４】 [<STYL MOJI_YELLOW_DEFAULT>5</STYL>]"
"JU_M050_NAME";"標本珠Ⅲ【４】 [<STYL MOJI_YELLOW_DEFAULT>1</STYL>]"
"JU_M095_NAME";"耐属・回避珠【４】 [<STYL MOJI_YELLOW_DEFAULT>5</STYL>]"
"JU_HIZOKU_NAME";"火炎珠【１】 [<STYL MOJI_YELLOW_DEFAULT>6</STYL>]"
"JU_M197_NAME";"転福・加護珠【４】 [<STYL MOJI_YELLOW_DEFAULT>5</STYL>]"
"JU_M252_NAME";"挑戦・整備珠【４】 [<STYL MOJI_YELLOW_DEFAULT>7</STYL>]"
"JU_M135_NAME";"強走・達人珠【４】 [<STYL MOJI_YELLOW_DEFAULT>7</STYL>]"
"JU_M247_NAME";"ＫＯ・整備珠【４】 [<STYL MOJI_YELLOW_DEFAULT>5</STYL>]"
"JU_M105_NAME";"滑走・回避珠【４】 [<STYL MOJI_YELLOW_DEFAULT>5</STYL>]"
"JU_M277_NAME";"転福・体術珠【４】 [<STYL MOJI_YELLOW_DEFAULT>5</STYL>]"
"JU_M066_NAME";"回避珠Ⅱ【４】 [<STYL MOJI_YELLOW_DEFAULT>3</STYL>]"
"JU_M037_NAME";"威嚇珠Ⅲ【４】 [<STYL MOJI_YELLOW_DEFAULT>1</STYL>]"
"JU_M270_NAME";"抜刀・体術珠【４】 [<STYL MOJI_YELLOW_DEFAULT>5</STYL>]"
"JU_M106_NAME";"守勢・回避珠【４】 [<STYL MOJI_YELLOW_DEFAULT>5</STYL>]"
"JU_M084_NAME";"爆師・体術珠【４】 [<STYL MOJI_YELLOW_DEFAULT>5</STYL>]"
"JU_M276_NAME";"耐衝・体術珠【４】 [<STYL MOJI_YELLOW_DEFAULT>5</STYL>]"
"JU_M159_NAME";"研磨・解放珠【４】 [<STYL MOJI_YELLOW_DEFAULT>3</STYL>]"
"JU_M223_NAME";"耐震・体力珠【４】 [<STYL MOJI_YELLOW_DEFAULT>3</STYL>]"
"JU_M261_NAME";"匠・整備珠【４】 [<STYL MOJI_YELLOW_DEFAULT>5</STYL>]"
"JU_HARAHERI_NAME";"無食珠【１】 [<STYL MOJI_YELLOW_DEFAULT>3</STYL>]"
"JU_M192_NAME";"挑戦・加護珠【４】 [<STYL MOJI_YELLOW_DEFAULT>7</STYL>]"
"JU_M219_NAME";"超心・治癒珠【４】 [<STYL MOJI_YELLOW_DEFAULT>3</STYL>]"
"JU_GOUZIN_NAME";"剛刃珠【２】 [<STYL MOJI_YELLOW_DEFAULT>1</STYL>]"
"JU_NUMAWATARI_NAME";"沼渡珠【１】 [<STYL MOJI_YELLOW_DEFAULT>3</STYL>]"
"JU_M307_NAME";"受身珠【３】 [<STYL MOJI_YELLOW_DEFAULT>1</STYL>]"
"JU_M075_NAME";"投石・体術珠【４】 [<STYL MOJI_YELLOW_DEFAULT>5</STYL>]"
"JU_M286_NAME";"重撃・回避珠【４】 [<STYL MOJI_YELLOW_DEFAULT>5</STYL>]"
"JU_M046_NAME";"鼓笛珠Ⅱ【４】 [<STYL MOJI_YELLOW_DEFAULT>1</STYL>]"
"JU_M188_NAME";"底力・加護珠【４】 [<STYL MOJI_YELLOW_DEFAULT>7</STYL>]"
"JU_M021_NAME";"耐雷珠Ⅲ【４】 [<STYL MOJI_YELLOW_DEFAULT>1</STYL>]"
"JU_RYUUZOKU_NAME";"破龍珠【１】 [<STYL MOJI_YELLOW_DEFAULT>6</STYL>]"
"JU_M008_NAME";"耐龍珠Ⅱ【４】 [<STYL MOJI_YELLOW_DEFAULT>2</STYL>]"
"JU_M163_NAME";"守勢・解放珠【４】 [<STYL MOJI_YELLOW_DEFAULT>3</STYL>]"
"JU_M232_NAME";"挑戦・体力珠【４】 [<STYL MOJI_YELLOW_DEFAULT>7</STYL>]"
"JU_MAHI_NAME";"耐麻珠【１】 [<STYL MOJI_YELLOW_DEFAULT>3</STYL>]"
"JU_BOUDOWN_NAME";"耐防珠【１】 [<STYL MOJI_YELLOW_DEFAULT>3</STYL>]"
"JU_M173_NAME";"強走・匠珠【４】 [<STYL MOJI_YELLOW_DEFAULT>5</STYL>]"
"JU_M209_NAME";"防風・治癒珠【４】 [<STYL MOJI_YELLOW_DEFAULT>5</STYL>]"
"JU_M012_NAME";"雷光珠Ⅱ【４】 [<STYL MOJI_YELLOW_DEFAULT>3</STYL>]"
"JU_M057_NAME";"防風珠Ⅱ【４】 [<STYL MOJI_YELLOW_DEFAULT>3</STYL>]"
"JU_M009_NAME";"火炎珠Ⅱ【４】 [<STYL MOJI_YELLOW_DEFAULT>3</STYL>]"
"JU_M212_NAME";"挑戦・治癒珠【４】 [<STYL MOJI_YELLOW_DEFAULT>7</STYL>]"
"JU_M125_NAME";"守勢・攻撃珠【４】 [<STYL MOJI_YELLOW_DEFAULT>7</STYL>]"
"JU_M257_NAME";"転福・整備珠【４】 [<STYL MOJI_YELLOW_DEFAULT>5</STYL>]"
"JU_JUUGEKI_NAME";"重撃珠【２】 [<STYL MOJI_YELLOW_DEFAULT>3</STYL>]"
"JU_M072_NAME";"鉄壁・体術珠【４】 [<STYL MOJI_YELLOW_DEFAULT>5</STYL>]"
"JU_M142_NAME";"茸好・達人珠【４】 [<STYL MOJI_YELLOW_DEFAULT>7</STYL>]"
"JU_KAMINARI_NAME";"耐雷珠【１】 [<STYL MOJI_YELLOW_DEFAULT>3</STYL>]"
"JU_M026_NAME";"耐絶珠Ⅱ【４】 [<STYL MOJI_YELLOW_DEFAULT>2</STYL>]"
"JU_M187_NAME";"ＫＯ・加護珠【４】 [<STYL MOJI_YELLOW_DEFAULT>5</STYL>]"
"JU_HI_NAME";"耐火珠【１】 [<STYL MOJI_YELLOW_DEFAULT>3</STYL>]"
"JU_MIMISEN_NAME";"防音珠【３】 [<STYL MOJI_YELLOW_DEFAULT>5</STYL>]"
"JU_M255_NAME";"渾身・整備珠【４】 [<STYL MOJI_YELLOW_DEFAULT>5</STYL>]"
"JU_M260_NAME";"痛撃・整備珠【４】 [<STYL MOJI_YELLOW_DEFAULT>5</STYL>]"
"JU_M127_NAME";"逆境・達人珠【４】 [<STYL MOJI_YELLOW_DEFAULT>7</STYL>]"
"JU_M060_NAME";"匠珠Ⅱ【４】 [<STYL MOJI_YELLOW_DEFAULT>3</STYL>]"
"JU_TYOUSEN_NAME";"挑戦珠【２】 [<STYL MOJI_YELLOW_DEFAULT>7</STYL>]"
"JU_TAIJYUTSU_NAME";"体術珠【２】 [<STYL MOJI_YELLOW_DEFAULT>5</STYL>]"
"JU_M175_NAME";"跳躍・匠珠【４】 [<STYL MOJI_YELLOW_DEFAULT>5</STYL>]"
"JU_M140_NAME";"研磨・達人珠【４】 [<STYL MOJI_YELLOW_DEFAULT>7</STYL>]"
"JU_M288_NAME";"底力・回避珠【４】 [<STYL MOJI_YELLOW_DEFAULT>7</STYL>]"
"JU_FULPOWER_NAME";"無傷珠【２】 [<STYL MOJI_YELLOW_DEFAULT>3</STYL>]"
"JU_M069_NAME";"奪気・体術珠【４】 [<STYL MOJI_YELLOW_DEFAULT>5</STYL>]"
"JU_M308_NAME";"削撃珠【３】 [<STYL MOJI_YELLOW_DEFAULT>1</STYL>]"
"JU_M074_NAME";"節食・体術珠【４】 [<STYL MOJI_YELLOW_DEFAULT>5</STYL>]"
"JU_TYOKAISIN_NAME";"超心珠【２】 [<STYL MOJI_YELLOW_DEFAULT>3</STYL>]"
"JU_FUE_NAME";"鼓笛珠【１】 [<STYL MOJI_YELLOW_DEFAULT>2</STYL>]"
"JU_M070_NAME";"逆境・体術珠【４】 [<STYL MOJI_YELLOW_DEFAULT>5</STYL>]"
"JU_M067_NAME";"鉄壁珠Ⅱ【４】 [<STYL MOJI_YELLOW_DEFAULT>3</STYL>]"
"JU_DOKUBIN_NAME";"毒瓶珠【３】 [<STYL MOJI_YELLOW_DEFAULT>1</STYL>]"
"JU_M022_NAME";"耐龍珠Ⅲ【４】 [<STYL MOJI_YELLOW_DEFAULT>1</STYL>]"
"JU_MUGEKI_NAME";"無撃珠【２】 [<STYL MOJI_YELLOW_DEFAULT>1</STYL>]"
"JU_M253_NAME";"無傷・整備珠【４】 [<STYL MOJI_YELLOW_DEFAULT>5</STYL>]"
"JU_M129_NAME";"鉄壁・達人珠【４】 [<STYL MOJI_YELLOW_DEFAULT>7</STYL>]"
"JU_M016_NAME";"睡眠珠Ⅱ【４】 [<STYL MOJI_YELLOW_DEFAULT>2</STYL>]"
"JU_M152_NAME";"耐属・解放珠【４】 [<STYL MOJI_YELLOW_DEFAULT>3</STYL>]"
"JU_INZYA_NAME";"潜伏珠【１】 [<STYL MOJI_YELLOW_DEFAULT>3</STYL>]"
"JU_M291_NAME";"全開・回避珠【４】 [<STYL MOJI_YELLOW_DEFAULT>7</STYL>]"
"JU_M019_NAME";"耐水珠Ⅲ【４】 [<STYL MOJI_YELLOW_DEFAULT>1</STYL>]"
"JU_M130_NAME";"友愛・達人珠【４】 [<STYL MOJI_YELLOW_DEFAULT>7</STYL>]"
"JU_TIYU_NAME";"治癒珠【１】 [<STYL MOJI_YELLOW_DEFAULT>3</STYL>]"
"JU_M278_NAME";"防音・体術珠【４】 [<STYL MOJI_YELLOW_DEFAULT>5</STYL>]"
"JU_KANTUU_NAME";"貫通珠【３】 [<STYL MOJI_YELLOW_DEFAULT>2</STYL>]"
"JU_M139_NAME";"早食・達人珠【４】 [<STYL MOJI_YELLOW_DEFAULT>7</STYL>]"
"JU_M243_NAME";"耐震・整備珠【４】 [<STYL MOJI_YELLOW_DEFAULT>5</STYL>]"
"JU_M202_NAME";"解放・加護珠【４】 [<STYL MOJI_YELLOW_DEFAULT>5</STYL>]"
"JU_M205_NAME";"昂揚・治癒珠【４】 [<STYL MOJI_YELLOW_DEFAULT>3</STYL>]"
"JU_M177_NAME";"早食・匠珠【４】 [<STYL MOJI_YELLOW_DEFAULT>5</STYL>]"
"JU_M190_NAME";"抜刀・加護珠【４】 [<STYL MOJI_YELLOW_DEFAULT>5</STYL>]"
"JU_TOUSEKI_NAME";"投石珠【１】 [<STYL MOJI_YELLOW_DEFAULT>5</STYL>]"
"JU_M303_NAME";"環境珠【１】 [<STYL MOJI_YELLOW_DEFAULT>3</STYL>]"
"JU_M034_NAME";"威嚇珠Ⅱ【４】 [<STYL MOJI_YELLOW_DEFAULT>2</STYL>]"
"JU_KAIHIKYORI_NAME";"跳躍珠【２】 [<STYL MOJI_YELLOW_DEFAULT>3</STYL>]"
"JU_M079_NAME";"早気・体術珠【４】 [<STYL MOJI_YELLOW_DEFAULT>5</STYL>]"
"JU_KYUUKAKU_NAME";"嗅覚珠【１】 [<STYL MOJI_YELLOW_DEFAULT>1</STYL>]"
"JU_M117_NAME";"早気・攻撃珠【４】 [<STYL MOJI_YELLOW_DEFAULT>7</STYL>]"
"JU_M265_NAME";"昂揚・体術珠【４】 [<STYL MOJI_YELLOW_DEFAULT>5</STYL>]"
"JU_M165_NAME";"逆境・匠珠【４】 [<STYL MOJI_YELLOW_DEFAULT>5</STYL>]"
"JU_M220_NAME";"痛撃・治癒珠【４】 [<STYL MOJI_YELLOW_DEFAULT>3</STYL>]"
"JU_M217_NAME";"転福・治癒珠【４】 [<STYL MOJI_YELLOW_DEFAULT>3</STYL>]"
"JU_M004_NAME";"耐火珠Ⅱ【４】 [<STYL MOJI_YELLOW_DEFAULT>2</STYL>]"
"JU_M049_NAME";"環境珠Ⅲ【４】 [<STYL MOJI_YELLOW_DEFAULT>1</STYL>]"
"JU_M104_NAME";"茸好・回避珠【４】 [<STYL MOJI_YELLOW_DEFAULT>5</STYL>]"
"JU_M195_NAME";"渾身・加護珠【４】 [<STYL MOJI_YELLOW_DEFAULT>5</STYL>]"
"JU_M150_NAME";"節食・解放珠【４】 [<STYL MOJI_YELLOW_DEFAULT>3</STYL>]"
"JU_M052_NAME";"防御珠Ⅱ【４】 [<STYL MOJI_YELLOW_DEFAULT>4</STYL>]"
"JU_M102_NAME";"研磨・回避珠【４】 [<STYL MOJI_YELLOW_DEFAULT>5</STYL>]"
"JU_M263_NAME";"耐震・体術珠【４】 [<STYL MOJI_YELLOW_DEFAULT>5</STYL>]"
"JU_M119_NAME";"速納・攻撃珠【４】 [<STYL MOJI_YELLOW_DEFAULT>7</STYL>]"
"JU_M180_NAME";"茸好・匠珠【４】 [<STYL MOJI_YELLOW_DEFAULT>5</STYL>]"
"JU_TANSYUKU_NAME";"短縮珠【２】 [<STYL MOJI_YELLOW_DEFAULT>3</STYL>]"
"JU_TAIRYOKU_NAME";"体力珠【１】 [<STYL MOJI_YELLOW_DEFAULT>3</STYL>]"
"JU_KAGO_NAME";"加護珠【１】 [<STYL MOJI_YELLOW_DEFAULT>5</STYL>]"
"JU_M293_NAME";"無傷・回避珠【４】 [<STYL MOJI_YELLOW_DEFAULT>5</STYL>]"
"JU_M077_NAME";"飛燕・体術珠【４】 [<STYL MOJI_YELLOW_DEFAULT>5</STYL>]"
"JU_M132_NAME";"投石・達人珠【４】 [<STYL MOJI_YELLOW_DEFAULT>7</STYL>]"
"JU_M305_NAME";"耐寒珠【２】 [<STYL MOJI_YELLOW_DEFAULT>1</STYL>]"
"JU_M082_NAME";"早食・体術珠【４】 [<STYL MOJI_YELLOW_DEFAULT>5</STYL>]"
"JU_M059_NAME";"達人珠Ⅱ【４】 [<STYL MOJI_YELLOW_DEFAULT>4</STYL>]"
"JU_SUIMINBIN_NAME";"眠瓶珠【３】 [<STYL MOJI_YELLOW_DEFAULT>1</STYL>]"
"JU_GYAKKYOU_NAME";"逆境珠【１】 [<STYL MOJI_YELLOW_DEFAULT>1</STYL>]"
"JU_BAKUSHI_NAME";"爆師珠【１】 [<STYL MOJI_YELLOW_DEFAULT>5</STYL>]"
"JU_M062_NAME";"挑戦珠Ⅱ【４】 [<STYL MOJI_YELLOW_DEFAULT>4</STYL>]"
"JU_M170_NAME";"投石・匠珠【４】 [<STYL MOJI_YELLOW_DEFAULT>5</STYL>]"
"JU_M122_NAME";"爆師・攻撃珠【４】 [<STYL MOJI_YELLOW_DEFAULT>7</STYL>]"
"JU_M014_NAME";"毒珠Ⅱ【４】 [<STYL MOJI_YELLOW_DEFAULT>2</STYL>]"
"JU_M207_NAME";"ＫＯ・治癒珠【４】 [<STYL MOJI_YELLOW_DEFAULT>5</STYL>]"
"JU_M200_NAME";"痛撃・加護珠【４】 [<STYL MOJI_YELLOW_DEFAULT>5</STYL>]"
"JU_M137_NAME";"跳躍・達人珠【４】 [<STYL MOJI_YELLOW_DEFAULT>7</STYL>]"
"JU_M245_NAME";"昂揚・整備珠【４】 [<STYL MOJI_YELLOW_DEFAULT>5</STYL>]"
"JU_M298_NAME";"防音・回避珠【４】 [<STYL MOJI_YELLOW_DEFAULT>5</STYL>]"
"JU_M097_NAME";"強走・回避珠【４】 [<STYL MOJI_YELLOW_DEFAULT>5</STYL>]"
"JU_M210_NAME";"抜刀・治癒珠【４】 [<STYL MOJI_YELLOW_DEFAULT>3</STYL>]"
"JU_HOUSYU_NAME";"砲手珠【１】 [<STYL MOJI_YELLOW_DEFAULT>2</STYL>]"
"JU_M235_NAME";"渾身・体力珠【４】 [<STYL MOJI_YELLOW_DEFAULT>5</STYL>]"
"JU_M160_NAME";"爆師・解放珠【４】 [<STYL MOJI_YELLOW_DEFAULT>5</STYL>]"
"JU_M283_NAME";"耐震・回避珠【４】 [<STYL MOJI_YELLOW_DEFAULT>5</STYL>]"
"JU_M185_NAME";"昂揚・加護珠【４】 [<STYL MOJI_YELLOW_DEFAULT>5</STYL>]"
"JU_M147_NAME";"窮地・解放珠【４】 [<STYL MOJI_YELLOW_DEFAULT>3</STYL>]"
"JU_M024_NAME";"耐麻珠Ⅱ【４】 [<STYL MOJI_YELLOW_DEFAULT>2</STYL>]"
