"JU_M287_NAME";"Knock-out-/Ausweich-Juwel 4 [<STYL MOJI_YELLOW_DEFAULT>5</STYL>]"
"JU_M073_NAME";"Freundschaft-/Figur-Juwel 4 [<STYL MOJI_YELLOW_DEFAULT>5</STYL>]"
"JU_M112_NAME";"Sattes/Angriff-Juwel 4 [<STYL MOJI_YELLOW_DEFAULT>7</STYL>]"
"JU_M157_NAME";"Wegsteck-/Freisetzung-Juwel 4 [<STYL MOJI_YELLOW_DEFAULT>3</STYL>]"
"JU_M225_NAME";"Verstärker-/Lebenskraft-Juwel 4 [<STYL MOJI_YELLOW_DEFAULT>3</STYL>]"
"JU_BAKUHA_NAME";"Anti-Explosion-Juwel 1 [<STYL MOJI_YELLOW_DEFAULT>3</STYL>]"
"JU_M056_NAME";"Ohrstöpsel-Juwel+ 4 [<STYL MOJI_YELLOW_DEFAULT>3</STYL>]"
"JU_M011_NAME";"Frost-Juwel+ 4 [<STYL MOJI_YELLOW_DEFAULT>3</STYL>]"
"JU_MIZUZOKU_NAME";"Fluss-Juwel 1 [<STYL MOJI_YELLOW_DEFAULT>6</STYL>]"
"JU_M242_NAME";"Freisetzung-/Lebenskraft-Juwel 4 [<STYL MOJI_YELLOW_DEFAULT>3</STYL>]"
"JU_M191_NAME";"Vollgas-/Schutz-Juwel 4 [<STYL MOJI_YELLOW_DEFAULT>7</STYL>]"
"JU_M044_NAME";"Sumpfläufer-Juwel+ 4 [<STYL MOJI_YELLOW_DEFAULT>2</STYL>]"
"JU_M230_NAME";"Ziehen-/Lebenskraft-Juwel 4 [<STYL MOJI_YELLOW_DEFAULT>3</STYL>]"
"JU_M186_NAME";"Zerstörer-/Schutz-Juwel 4 [<STYL MOJI_YELLOW_DEFAULT>5</STYL>]"
"JU_M299_NAME";"Kritisches/Ausweich-Juwel 4 [<STYL MOJI_YELLOW_DEFAULT>5</STYL>]"
"JU_M085_NAME";"Pilzform-/Figur-Juwel 4 [<STYL MOJI_YELLOW_DEFAULT>5</STYL>]"
"JU_RYUU_NAME";"Drachenabwehr-Juwel 1 [<STYL MOJI_YELLOW_DEFAULT>3</STYL>]"
"JU_M039_NAME";"Volltreffer-Juwel+ 4 [<STYL MOJI_YELLOW_DEFAULT>1</STYL>]"
"JU_M271_NAME";"Vollgas-/Figur-Juwel 4 [<STYL MOJI_YELLOW_DEFAULT>7</STYL>]"
"JU_M124_NAME";"Gleiter-/Angriff-Juwel 4 [<STYL MOJI_YELLOW_DEFAULT>7</STYL>]"
"JU_M258_NAME";"Ohrstöpsel-/Wartungs-Juwel 4 [<STYL MOJI_YELLOW_DEFAULT>5</STYL>]"
"JU_M090_NAME";"Krisen-/Ausweich-Juwel 4 [<STYL MOJI_YELLOW_DEFAULT>5</STYL>]"
"JU_M023_NAME";"Gegengift-Juwel+ 4 [<STYL MOJI_YELLOW_DEFAULT>2</STYL>]"
"JU_M006_NAME";"Eisabwehr-Juwel+ 4 [<STYL MOJI_YELLOW_DEFAULT>2</STYL>]"
"JU_M162_NAME";"Gleiter-/Freisetzung-Juwel 4 [<STYL MOJI_YELLOW_DEFAULT>3</STYL>]"
"JU_M275_NAME";"Mächtiges/Figur-Juwel 4 [<STYL MOJI_YELLOW_DEFAULT>5</STYL>]"
"JU_M107_NAME";"Entzug-/Angriff-Juwel 4 [<STYL MOJI_YELLOW_DEFAULT>7</STYL>]"
"JU_M145_NAME";"Entzug-/Freisetzung-Juwel 4 [<STYL MOJI_YELLOW_DEFAULT>5</STYL>]"
"JU_M237_NAME";"Phönix-/Lebenskraft-Juwel 4 [<STYL MOJI_YELLOW_DEFAULT>3</STYL>]"
"JU_M061_NAME";"Vollgas-Juwel+ 4 [<STYL MOJI_YELLOW_DEFAULT>4</STYL>]"
"JU_TAISYOUKI_NAME";"Miasma-Juwel 1 [<STYL MOJI_YELLOW_DEFAULT>3</STYL>]"
"JU_MAHIBIN_NAME";"Lähmbeschichtung-Juwel 3 [<STYL MOJI_YELLOW_DEFAULT>1</STYL>]"
"JU_M089_NAME";"Kraft-/Ausweich-Juwel 4 [<STYL MOJI_YELLOW_DEFAULT>5</STYL>]"
"JU_M246_NAME";"Zerstörer-/Wartungs-Juwel 4 [<STYL MOJI_YELLOW_DEFAULT>5</STYL>]"
"JU_M249_NAME";"Windresistenz-/Wartungs-Juwel 4 [<STYL MOJI_YELLOW_DEFAULT>5</STYL>]"
"JU_M133_NAME";"Resistor-/Experten-Juwel 4 [<STYL MOJI_YELLOW_DEFAULT>7</STYL>]"
"JU_TUUGEKI_NAME";"Aufweich-Juwel 2 [<STYL MOJI_YELLOW_DEFAULT>3</STYL>]"
"JU_DOKU_NAME";"Gegengift-Juwel 1 [<STYL MOJI_YELLOW_DEFAULT>3</STYL>]"
"JU_M032_NAME";"Erholung-Juwel+ 4 [<STYL MOJI_YELLOW_DEFAULT>2</STYL>]"
"JU_M035_NAME";"Miauster-Juwel+ 4 [<STYL MOJI_YELLOW_DEFAULT>3</STYL>]"
"JU_M136_NAME";"Erfrischungs-/Experten-Juwel 4 [<STYL MOJI_YELLOW_DEFAULT>7</STYL>]"
"JU_LOVEKINOKO_NAME";"Pilzform-Juwel 1 [<STYL MOJI_YELLOW_DEFAULT>3</STYL>]"
"JU_RYUUHUU_NAME";"Drachensiegel-Juwel 3 [<STYL MOJI_YELLOW_DEFAULT>1</STYL>]"
"JU_M208_NAME";"Potenzial-/Medizin-Juwel 4 [<STYL MOJI_YELLOW_DEFAULT>7</STYL>]"
"JU_M221_NAME";"Handwerk-/Medizin-Juwel 4 [<STYL MOJI_YELLOW_DEFAULT>5</STYL>]"
"JU_M174_NAME";"Erfrischungs-/Handwerk-Juwel 4 [<STYL MOJI_YELLOW_DEFAULT>5</STYL>]"
"JU_KASSOU_NAME";"Gleiter-Juwel 2 [<STYL MOJI_YELLOW_DEFAULT>1</STYL>]"
"JU_M020_NAME";"Hartes Eisabwehr-Juwel 4 [<STYL MOJI_YELLOW_DEFAULT>1</STYL>]"
"JU_SOKODIKARA_NAME";"Potenzial-Juwel 2 [<STYL MOJI_YELLOW_DEFAULT>7</STYL>]"
"JU_M065_NAME";"Figur-Juwel+ 4 [<STYL MOJI_YELLOW_DEFAULT>3</STYL>]"
"JU_M120_NAME";"Verschling-/Angriff-Juwel 4 [<STYL MOJI_YELLOW_DEFAULT>7</STYL>]"
"JU_TAISYOUGEKI_NAME";"Wappnungs-Juwel 3 [<STYL MOJI_YELLOW_DEFAULT>3</STYL>]"
"JU_MAHIATK_NAME";"Lähmangriff-Juwel 1 [<STYL MOJI_YELLOW_DEFAULT>4</STYL>]"
"JU_M064_NAME";"Furor-Juwel+ 4 [<STYL MOJI_YELLOW_DEFAULT>3</STYL>]"
"JU_M295_NAME";"Mächtiges/Ausweich-Juwel 4 [<STYL MOJI_YELLOW_DEFAULT>5</STYL>]"
"JU_M003_NAME";"Kühlendes Juwel 2 [<STYL MOJI_YELLOW_DEFAULT>1</STYL>]"
"JU_M250_NAME";"Ziehen-/Wartungs-Juwel 4 [<STYL MOJI_YELLOW_DEFAULT>5</STYL>]"
"JU_M018_NAME";"Hartes Feuerabwehr-Juwel 4 [<STYL MOJI_YELLOW_DEFAULT>1</STYL>]"
"JU_M116_NAME";"Sprinter-/Angriff-Juwel 4 [<STYL MOJI_YELLOW_DEFAULT>7</STYL>]"
"JU_M047_NAME";"Hartes Botanik-Juwel+ 4 [<STYL MOJI_YELLOW_DEFAULT>1</STYL>]"
"JU_M036_NAME";"Hartes Schleich-Juwel 4 [<STYL MOJI_YELLOW_DEFAULT>1</STYL>]"
"JU_M183_NAME";"Halt-/Schutz-Juwel 4 [<STYL MOJI_YELLOW_DEFAULT>5</STYL>]"
"JU_SUTAMINA_NAME";"Sprinter-Juwel 2 [<STYL MOJI_YELLOW_DEFAULT>3</STYL>]"
"JU_M149_NAME";"Freundschaft-/Freisetzung-Juwel 4 [<STYL MOJI_YELLOW_DEFAULT>5</STYL>]"
"JU_M204_NAME";"Ladungs-/Medizin-Juwel 4 [<STYL MOJI_YELLOW_DEFAULT>3</STYL>]"
"JU_M178_NAME";"Schleif-/Handwerk-Juwel 4 [<STYL MOJI_YELLOW_DEFAULT>5</STYL>]"
"JU_M233_NAME";"Makellos-/Lebenskraft-Juwel 4 [<STYL MOJI_YELLOW_DEFAULT>3</STYL>]"
"JU_KOORI_NAME";"Eisabwehr-Juwel 1 [<STYL MOJI_YELLOW_DEFAULT>3</STYL>]"
"JU_M296_NAME";"Wappnungs-/Ausweich-Juwel 4 [<STYL MOJI_YELLOW_DEFAULT>5</STYL>]"
"JU_M302_NAME";"Freisetzung-/Ausweich-Juwel 4 [<STYL MOJI_YELLOW_DEFAULT>5</STYL>]"
"JU_IKAKU_NAME";"Einschüchtern-Juwel 1 [<STYL MOJI_YELLOW_DEFAULT>3</STYL>]"
"JU_M093_NAME";"Sattes/Ausweich-Juwel 4 [<STYL MOJI_YELLOW_DEFAULT>5</STYL>]"
"JU_HONKI_NAME";"Vollgas-Juwel 2 [<STYL MOJI_YELLOW_DEFAULT>7</STYL>]"
"JU_M266_NAME";"Zerstörer-/Figur-Juwel 4 [<STYL MOJI_YELLOW_DEFAULT>5</STYL>]"
"JU_NOUTOU_NAME";"Wegsteck-Juwel 1 [<STYL MOJI_YELLOW_DEFAULT>3</STYL>]"
"JU_GYAKUJYO_NAME";"Furor-Juwel 2 [<STYL MOJI_YELLOW_DEFAULT>5</STYL>]"
"JU_M031_NAME";"Hungerfrei-Juwel+ 4 [<STYL MOJI_YELLOW_DEFAULT>2</STYL>]"
"JU_M228_NAME";"Potenzial-/Lebenskraft-Juwel 4 [<STYL MOJI_YELLOW_DEFAULT>7</STYL>]"
"JU_M154_NAME";"Sprinter-/Freisetzung-Juwel 4 [<STYL MOJI_YELLOW_DEFAULT>3</STYL>]"
"JU_M222_NAME";"Freisetzung-/Medizin-Juwel 4 [<STYL MOJI_YELLOW_DEFAULT>3</STYL>]"
"JU_M115_NAME";"Flug-/Angriff-Juwel 4 [<STYL MOJI_YELLOW_DEFAULT>7</STYL>]"
"JU_M267_NAME";"Knock-out-/Figur-Juwel 4 [<STYL MOJI_YELLOW_DEFAULT>5</STYL>]"
"JU_TAKUMI_NAME";"Handwerk-Juwel 3 [<STYL MOJI_YELLOW_DEFAULT>5</STYL>]"
"JU_M198_NAME";"Ohrstöpsel-/Schutz-Juwel 4 [<STYL MOJI_YELLOW_DEFAULT>5</STYL>]"
"JU_M153_NAME";"Flug-/Freisetzung-Juwel 4 [<STYL MOJI_YELLOW_DEFAULT>3</STYL>]"
"JU_M100_NAME";"Wegsteck-/Ausweich-Juwel 4 [<STYL MOJI_YELLOW_DEFAULT>5</STYL>]"
"JU_M229_NAME";"Windresistenz-/Lebenskraft-Juwel 4 [<STYL MOJI_YELLOW_DEFAULT>5</STYL>]"
"JU_M169_NAME";"Sattes/Handwerk-Juwel 4 [<STYL MOJI_YELLOW_DEFAULT>5</STYL>]"
"JU_M002_NAME";"Wächter-Juwel 2 [<STYL MOJI_YELLOW_DEFAULT>3</STYL>]"
"JU_M280_NAME";"Aufweich-/Figur-Juwel 4 [<STYL MOJI_YELLOW_DEFAULT>5</STYL>]"
"JU_M027_NAME";"Anti-Explosion-Juwel+ 4 [<STYL MOJI_YELLOW_DEFAULT>2</STYL>]"
"JU_M144_NAME";"Wächter-/Experten-Juwel 4 [<STYL MOJI_YELLOW_DEFAULT>7</STYL>]"
"JU_M238_NAME";"Ohrstöpsel-/Lebenskraft-Juwel 4 [<STYL MOJI_YELLOW_DEFAULT>5</STYL>]"
"JU_M301_NAME";"Handwerk-/Ausweich-Juwel 4 [<STYL MOJI_YELLOW_DEFAULT>5</STYL>]"
"JU_M094_NAME";"Steinwerfer-/Ausweich-Juwel 4 [<STYL MOJI_YELLOW_DEFAULT>5</STYL>]"
"JU_KAIHI_NAME";"Ausweich-Juwel 2 [<STYL MOJI_YELLOW_DEFAULT>5</STYL>]"
"JU_M040_NAME";"Schwere-Artillerie-Juwel+ 4 [<STYL MOJI_YELLOW_DEFAULT>1</STYL>]"
"JU_M251_NAME";"Vollgas-/Wartungs-Juwel 4 [<STYL MOJI_YELLOW_DEFAULT>7</STYL>]"
"JU_HOUJUTU_NAME";"Artillerie-Juwel 1 [<STYL MOJI_YELLOW_DEFAULT>5</STYL>]"
"JU_M213_NAME";"Makellos-/Medizin-Juwel 4 [<STYL MOJI_YELLOW_DEFAULT>3</STYL>]"
"JU_M182_NAME";"Wächter-/Handwerk-Juwel 4 [<STYL MOJI_YELLOW_DEFAULT>5</STYL>]"
"JU_HAYAGUI_NAME";"Verschling-Juwel 1 [<STYL MOJI_YELLOW_DEFAULT>3</STYL>]"
"JU_M272_NAME";"Herausforderer-/Figur-Juwel 4 [<STYL MOJI_YELLOW_DEFAULT>7</STYL>]"
"JU_M111_NAME";"Freundschaft-/Angriff-Juwel 4 [<STYL MOJI_YELLOW_DEFAULT>7</STYL>]"
"JU_M156_NAME";"Sprung-/Freisetzung-Juwel 4 [<STYL MOJI_YELLOW_DEFAULT>3</STYL>]"
"JU_M226_NAME";"Zerstörer-/Lebenskraft-Juwel 4 [<STYL MOJI_YELLOW_DEFAULT>3</STYL>]"
"JU_M113_NAME";"Steinwerfer-/Angriff-Juwel 4 [<STYL MOJI_YELLOW_DEFAULT>7</STYL>]"
"JU_M269_NAME";"Windresistenz-/Figur-Juwel 4 [<STYL MOJI_YELLOW_DEFAULT>5</STYL>]"
"JU_M055_NAME";"Artillerie-Juwel+ 4 [<STYL MOJI_YELLOW_DEFAULT>3</STYL>]"
"JU_BOUHUU_NAME";"Windresistenz-Juwel 2 [<STYL MOJI_YELLOW_DEFAULT>5</STYL>]"
"JU_M189_NAME";"Windresistenz-/Schutz-Juwel 4 [<STYL MOJI_YELLOW_DEFAULT>5</STYL>]"
"JU_M041_NAME";"Botanik-Juwel+ 4 [<STYL MOJI_YELLOW_DEFAULT>2</STYL>]"
"JU_M241_NAME";"Handwerk-/Lebenskraft-Juwel 4 [<STYL MOJI_YELLOW_DEFAULT>5</STYL>]"
"JU_M088_NAME";"Entzug-/Ausweich-Juwel 4 [<STYL MOJI_YELLOW_DEFAULT>5</STYL>]"
"JU_M028_NAME";"Naht-Juwel+ 4 [<STYL MOJI_YELLOW_DEFAULT>2</STYL>]"
"JU_ZOKUKAI_NAME";"Freisetzung-Juwel 3 [<STYL MOJI_YELLOW_DEFAULT>3</STYL>]"
"JU_M108_NAME";"Kraft-/Angriff-Juwel 4 [<STYL MOJI_YELLOW_DEFAULT>7</STYL>]"
"JU_M274_NAME";"Furor-/Figur-Juwel 4 [<STYL MOJI_YELLOW_DEFAULT>5</STYL>]"
"JU_M306_NAME";"Ablenkung-Juwel 3 [<STYL MOJI_YELLOW_DEFAULT>1</STYL>]"
"JU_M123_NAME";"Pilzform-/Angriff-Juwel 4 [<STYL MOJI_YELLOW_DEFAULT>7</STYL>]"
"JU_M076_NAME";"Resistor-/Figur-Juwel 4 [<STYL MOJI_YELLOW_DEFAULT>5</STYL>]"
"JU_M231_NAME";"Vollgas-/Lebenskraft-Juwel 4 [<STYL MOJI_YELLOW_DEFAULT>7</STYL>]"
"JU_M284_NAME";"Ladungs-/Ausweich-Juwel 4 [<STYL MOJI_YELLOW_DEFAULT>5</STYL>]"
"JU_M168_NAME";"Freundschaft-/Handwerk-Juwel 4 [<STYL MOJI_YELLOW_DEFAULT>5</STYL>]"
"JU_M214_NAME";"Furor-/Medizin-Juwel 4 [<STYL MOJI_YELLOW_DEFAULT>5</STYL>]"
"JU_M262_NAME";"Freisetzung-/Wartungs-Juwel 4 [<STYL MOJI_YELLOW_DEFAULT>5</STYL>]"
"JU_M259_NAME";"Kritisches/Wartungs-Juwel 4 [<STYL MOJI_YELLOW_DEFAULT>5</STYL>]"
"JU_M199_NAME";"Kritisches/Schutz-Juwel 4 [<STYL MOJI_YELLOW_DEFAULT>5</STYL>]"
"JU_M007_NAME";"Donnerabwehr-Juwel+ 4 [<STYL MOJI_YELLOW_DEFAULT>2</STYL>]"
"JU_M161_NAME";"Pilzform-/Freisetzung-Juwel 4 [<STYL MOJI_YELLOW_DEFAULT>3</STYL>]"
"JU_DOKUATK_NAME";"Gift-Juwel 1 [<STYL MOJI_YELLOW_DEFAULT>4</STYL>]"
"JU_M045_NAME";"Insektenforscher-Juwel+ 4 [<STYL MOJI_YELLOW_DEFAULT>2</STYL>]"
"JU_GOUKYU_NAME";"Mächtiger-Bogen-Juwel 2 [<STYL MOJI_YELLOW_DEFAULT>1</STYL>]"
"JU_M098_NAME";"Erfrischungs-/Ausweich-Juwel 4 [<STYL MOJI_YELLOW_DEFAULT>5</STYL>]"
"JU_M224_NAME";"Ladungs-/Lebenskraft-Juwel 4 [<STYL MOJI_YELLOW_DEFAULT>3</STYL>]"
"JU_M010_NAME";"Fluss-Juwel+ 4 [<STYL MOJI_YELLOW_DEFAULT>3</STYL>]"
"JU_M038_NAME";"Hartes Miauster-Juwel 4 [<STYL MOJI_YELLOW_DEFAULT>2</STYL>]"
"JU_M086_NAME";"Gleiter-/Figur-Juwel 4 [<STYL MOJI_YELLOW_DEFAULT>5</STYL>]"
"JU_M101_NAME";"Verschling-/Ausweich-Juwel 4 [<STYL MOJI_YELLOW_DEFAULT>5</STYL>]"
"JU_M171_NAME";"Resistor-/Handwerk-Juwel 4 [<STYL MOJI_YELLOW_DEFAULT>5</STYL>]"
"JU_BAKUHAATK_NAME";"Explosion-Juwel 1 [<STYL MOJI_YELLOW_DEFAULT>4</STYL>]"
"JU_M158_NAME";"Verschling-/Freisetzung-Juwel 4 [<STYL MOJI_YELLOW_DEFAULT>3</STYL>]"
"JU_KOURIZOKU_NAME";"Frost-Juwel 1 [<STYL MOJI_YELLOW_DEFAULT>6</STYL>]"
"JU_M234_NAME";"Furor-/Lebenskraft-Juwel 4 [<STYL MOJI_YELLOW_DEFAULT>5</STYL>]"
"JU_TAIZOKU_NAME";"Resistor-Juwel 1 [<STYL MOJI_YELLOW_DEFAULT>3</STYL>]"
"JU_BATTOU_NAME";"Ziehen-Juwel 2 [<STYL MOJI_YELLOW_DEFAULT>3</STYL>]"
"JU_M048_NAME";"Hartes Geologie-Juwel 4 [<STYL MOJI_YELLOW_DEFAULT>1</STYL>]"
"JU_M103_NAME";"Bomber-/Ausweich-Juwel 4 [<STYL MOJI_YELLOW_DEFAULT>5</STYL>]"
"JU_M148_NAME";"Eisenmauer-/Freisetzung-Juwel4 [<STYL MOJI_YELLOW_DEFAULT>5</STYL>]"
"JU_SANDAN_NAME";"Schrot-Juwel 3 [<STYL MOJI_YELLOW_DEFAULT>2</STYL>]"
"JU_M096_NAME";"Flug-/Ausweich-Juwel 4 [<STYL MOJI_YELLOW_DEFAULT>5</STYL>]"
"JU_M081_NAME";"Wegsteck-/Figur-Juwel 4 [<STYL MOJI_YELLOW_DEFAULT>5</STYL>]"
"JU_M118_NAME";"Sprung-/Angriff-Juwel 4 [<STYL MOJI_YELLOW_DEFAULT>7</STYL>]"
"JU_M264_NAME";"Ladungs-/Figur-Juwel 4 [<STYL MOJI_YELLOW_DEFAULT>5</STYL>]"
"JU_M279_NAME";"Kritisches/Figur-Juwel 4 [<STYL MOJI_YELLOW_DEFAULT>5</STYL>]"
"JU_SEIBI_NAME";"Wartungs-Juwel 1 [<STYL MOJI_YELLOW_DEFAULT>5</STYL>]"
"JU_M194_NAME";"Furor-/Schutz-Juwel 4 [<STYL MOJI_YELLOW_DEFAULT>5</STYL>]"
"JU_M033_NAME";"Schleich-Juwel+ 4 [<STYL MOJI_YELLOW_DEFAULT>2</STYL>]"
"JU_M146_NAME";"Kraft-/Freisetzung-Juwel 4 [<STYL MOJI_YELLOW_DEFAULT>3</STYL>]"
"JU_M201_NAME";"Handwerk-/Schutz-Juwel 4 [<STYL MOJI_YELLOW_DEFAULT>5</STYL>]"
"JU_M236_NAME";"Wappnungs-/Lebenskraft-Juwel 4 [<STYL MOJI_YELLOW_DEFAULT>3</STYL>]"
"JU_KO_NAME";"Knock-out-Juwel 2 [<STYL MOJI_YELLOW_DEFAULT>5</STYL>]"
"JU_M151_NAME";"Steinwerfer/Freisetzung-Juwel 4 [<STYL MOJI_YELLOW_DEFAULT>5</STYL>]"
"JU_M063_NAME";"Potenzial-Juwel+ 4 [<STYL MOJI_YELLOW_DEFAULT>4</STYL>]"
"JU_M121_NAME";"Schleif-/Angriff-Juwel 4 [<STYL MOJI_YELLOW_DEFAULT>7</STYL>]"
"JU_SUIMINATK_NAME";"Schlaf-Juwel 1 [<STYL MOJI_YELLOW_DEFAULT>4</STYL>]"
"JU_KYOUDAN_NAME";"Starkschuss-Juwel 3 [<STYL MOJI_YELLOW_DEFAULT>2</STYL>]"
"JU_M282_NAME";"Freisetzung-/Figur-Juwel 4 [<STYL MOJI_YELLOW_DEFAULT>5</STYL>]"
"JU_M206_NAME";"Zerstörer-/Medizin-Juwel 4 [<STYL MOJI_YELLOW_DEFAULT>3</STYL>]"
"JU_M068_NAME";"Freundschaft-Juwel+ 4 [<STYL MOJI_YELLOW_DEFAULT>3</STYL>]"
"JU_M131_NAME";"Sattes/Experten-Juwel 4 [<STYL MOJI_YELLOW_DEFAULT>7</STYL>]"
"JU_M176_NAME";"Wegsteck-/Handwerk-Juwel 4 [<STYL MOJI_YELLOW_DEFAULT>5</STYL>]"
"JU_HIEN_NAME";"Flug-Juwel 2 [<STYL MOJI_YELLOW_DEFAULT>1</STYL>]"
"JU_KAISOKU_NAME";"Erholung-Juwel 1 [<STYL MOJI_YELLOW_DEFAULT>3</STYL>]"
"JU_M254_NAME";"Furor-/Wartungs-Juwel 4 [<STYL MOJI_YELLOW_DEFAULT>5</STYL>]"
"JU_TIGAKU_NAME";"Geologie-Juwel 1 [<STYL MOJI_YELLOW_DEFAULT>3</STYL>]"
"JU_M015_NAME";"Lähmangriff-Juwel+ 4 [<STYL MOJI_YELLOW_DEFAULT>2</STYL>]"
"JU_M292_NAME";"Herausforderer/Ausweich-Juwel 4 [<STYL MOJI_YELLOW_DEFAULT>7</STYL>]"
"JU_KIZETSU_NAME";"Felsenfest-Juwel 1 [<STYL MOJI_YELLOW_DEFAULT>3</STYL>]"
"JU_KYUUTI_NAME";"Krisen-Juwel 1 [<STYL MOJI_YELLOW_DEFAULT>1</STYL>]"
"JU_SUIMIN_NAME";"Pepp-Juwel 1 [<STYL MOJI_YELLOW_DEFAULT>3</STYL>]"
"JU_M053_NAME";"Hartes Dauer-Juwel 4 [<STYL MOJI_YELLOW_DEFAULT>1</STYL>]"
"JU_ITEMSAVE_NAME";"Sattes Juwel 1 [<STYL MOJI_YELLOW_DEFAULT>3</STYL>]"
"JU_KOUYOU_NAME";"Verstärker-Juwel 2 [<STYL MOJI_YELLOW_DEFAULT>3</STYL>]"
"JU_TOISHI_NAME";"Schleif-Juwel 1 [<STYL MOJI_YELLOW_DEFAULT>3</STYL>]"
"JU_RESSYOU_NAME";"Naht-Juwel 1 [<STYL MOJI_YELLOW_DEFAULT>3</STYL>]"
"JU_KONSHIN_NAME";"Mächtiges Juwel 2 [<STYL MOJI_YELLOW_DEFAULT>5</STYL>]"
"JU_OTOMOUP_NAME";"Miauster-Juwel 1 [<STYL MOJI_YELLOW_DEFAULT>5</STYL>]"
"JU_M289_NAME";"Windresistenz-/Ausweich-Juwel 4 [<STYL MOJI_YELLOW_DEFAULT>5</STYL>]"
"JU_M091_NAME";"Eisenmauer-/Ausweich-Juwel 4 [<STYL MOJI_YELLOW_DEFAULT>5</STYL>]"
"JU_M141_NAME";"Bomber-/Experten-Juwel 4 [<STYL MOJI_YELLOW_DEFAULT>7</STYL>]"
"JU_M078_NAME";"Sprinter-/Figur-Juwel 4 [<STYL MOJI_YELLOW_DEFAULT>5</STYL>]"
"JU_M128_NAME";"Krisen-/Experten-Juwel 4 [<STYL MOJI_YELLOW_DEFAULT>7</STYL>]"
"JU_M043_NAME";"Überleben-Juwel+ 4 [<STYL MOJI_YELLOW_DEFAULT>2</STYL>]"
"JU_M166_NAME";"Krisen-/Handwerk-Juwel 4 [<STYL MOJI_YELLOW_DEFAULT>5</STYL>]"
"JU_M216_NAME";"Wappnungs-/Medizin-Juwel 4 [<STYL MOJI_YELLOW_DEFAULT>3</STYL>]"
"JU_M005_NAME";"Wasserabwehr-Juwel+ 4 [<STYL MOJI_YELLOW_DEFAULT>2</STYL>]"
"JU_M273_NAME";"Makellos-/Figur-Juwel 4 [<STYL MOJI_YELLOW_DEFAULT>5</STYL>]"
"JU_M109_NAME";"Krisen-/Angriff-Juwel 4 [<STYL MOJI_YELLOW_DEFAULT>7</STYL>]"
"JU_M172_NAME";"Flug-/Handwerk-Juwel 4 [<STYL MOJI_YELLOW_DEFAULT>5</STYL>]"
"JU_M042_NAME";"Geologie-Juwel+ 4 [<STYL MOJI_YELLOW_DEFAULT>2</STYL>]"
"JU_JIZOKU_NAME";"Dauer-Juwel 1 [<STYL MOJI_YELLOW_DEFAULT>3</STYL>]"
"JU_M211_NAME";"Vollgas-/Medizin-Juwel 4 [<STYL MOJI_YELLOW_DEFAULT>7</STYL>]"
"JU_M256_NAME";"Wappnungs-/Wartungs-Juwel 4 [<STYL MOJI_YELLOW_DEFAULT>5</STYL>]"
"JU_M087_NAME";"Wächter-/Figur-Juwel 4 [<STYL MOJI_YELLOW_DEFAULT>5</STYL>]"
"JU_M126_NAME";"Entzug-/Experten-Juwel 4 [<STYL MOJI_YELLOW_DEFAULT>7</STYL>]"
"JU_KYOHEKI_NAME";"Schild-Juwel 2 [<STYL MOJI_YELLOW_DEFAULT>1</STYL>]"
"JU_M058_NAME";"Angriff-Juwel+ 4 [<STYL MOJI_YELLOW_DEFAULT>4</STYL>]"
"JU_RAIZOKU_NAME";"Blitz-Juwel 1 [<STYL MOJI_YELLOW_DEFAULT>6</STYL>]"
"JU_M110_NAME";"Eisenmauer-/Angriff-Juwel 4 [<STYL MOJI_YELLOW_DEFAULT>7</STYL>]"
"JU_SINGAN_NAME";"Geistiges-Auge-Juwel 2 [<STYL MOJI_YELLOW_DEFAULT>1</STYL>]"
"JU_M138_NAME";"Wegsteck-/Experten-Juwel 4 [<STYL MOJI_YELLOW_DEFAULT>7</STYL>]"
"JU_M244_NAME";"Ladungs-/Wartungs-Juwel 4 [<STYL MOJI_YELLOW_DEFAULT>5</STYL>]"
"JU_M030_NAME";"Miasma-Juwel+ 4 [<STYL MOJI_YELLOW_DEFAULT>2</STYL>]"
"JU_BOUGYO_NAME";"Verteidigung-Juwel 1 [<STYL MOJI_YELLOW_DEFAULT>7</STYL>]"
"JU_M025_NAME";"Pepp-Juwel+ 4 [<STYL MOJI_YELLOW_DEFAULT>2</STYL>]"
"JU_M143_NAME";"Gleiter-/Experten-Juwel 4 [<STYL MOJI_YELLOW_DEFAULT>7</STYL>]"
"JU_M239_NAME";"Kritisches/Lebenskraft-Juwel 4 [<STYL MOJI_YELLOW_DEFAULT>3</STYL>]"
"JU_M071_NAME";"Krisen-/Figur-Juwel 4 [<STYL MOJI_YELLOW_DEFAULT>5</STYL>]"
"JU_M285_NAME";"Verstärker-/Ausweich-Juwel 4 [<STYL MOJI_YELLOW_DEFAULT>5</STYL>]"
"JU_KIRYOKU_NAME";"Erfrischungs-Juwel 2 [<STYL MOJI_YELLOW_DEFAULT>3</STYL>]"
"JU_M290_NAME";"Ziehen-/Ausweich-Juwel 4 [<STYL MOJI_YELLOW_DEFAULT>5</STYL>]"
"JU_M184_NAME";"Ladungs-/Schutz-Juwel 4 [<STYL MOJI_YELLOW_DEFAULT>5</STYL>]"
"JU_TAISHIN_NAME";"Halt-Juwel 2 [<STYL MOJI_YELLOW_DEFAULT>3</STYL>]"
"JU_M054_NAME";"Hartes Verteidigung-Juwel 4 [<STYL MOJI_YELLOW_DEFAULT>3</STYL>]"
"JU_M114_NAME";"Resistor-/Angriff-Juwel 4 [<STYL MOJI_YELLOW_DEFAULT>7</STYL>]"
"JU_M001_NAME";"Phönix-Juwel 3 [<STYL MOJI_YELLOW_DEFAULT>3</STYL>]"
"JU_M099_NAME";"Sprung-/Ausweich-Juwel 4 [<STYL MOJI_YELLOW_DEFAULT>5</STYL>]"
"JU_MIZU_NAME";"Wasserabwehr-Juwel 1 [<STYL MOJI_YELLOW_DEFAULT>3</STYL>]"
"JU_GUARDSEI_NAME";"Eisenmauer-Juwel 1 [<STYL MOJI_YELLOW_DEFAULT>5</STYL>]"
"JU_MUSHIUTI_NAME";"Insektenforscher-Juwel 1 [<STYL MOJI_YELLOW_DEFAULT>3</STYL>]"
"JU_MIKIRI_NAME";"Experten-Juwel 1 [<STYL MOJI_YELLOW_DEFAULT>7</STYL>]"
"JU_M167_NAME";"Eisenmauer-/Handwerk-Juwel 4 [<STYL MOJI_YELLOW_DEFAULT>5</STYL>]"
"JU_M092_NAME";"Freundschaft-/Ausweich-Juwel 4 [<STYL MOJI_YELLOW_DEFAULT>5</STYL>]"
"JU_M215_NAME";"Mächtiges/Medizin-Juwel 4 [<STYL MOJI_YELLOW_DEFAULT>5</STYL>]"
"JU_M268_NAME";"Potenzial-/Figur-Juwel 4 [<STYL MOJI_YELLOW_DEFAULT>7</STYL>]"
"JU_GENKIAT_NAME";"Entzug-Juwel 1 [<STYL MOJI_YELLOW_DEFAULT>5</STYL>]"
"JU_SOUTENUP_NAME";"Magazin-Juwel 2 [<STYL MOJI_YELLOW_DEFAULT>1</STYL>]"
"JU_M029_NAME";"Abwehrsperre-Juwel+ 4 [<STYL MOJI_YELLOW_DEFAULT>2</STYL>]"
"JU_M300_NAME";"Aufweich-/Ausweich-Juwel 4 [<STYL MOJI_YELLOW_DEFAULT>5</STYL>]"
"JU_BAKUHABIN_NAME";"Sprengbeschichtung-Juwel 3 [<STYL MOJI_YELLOW_DEFAULT>1</STYL>]"
"JU_M155_NAME";"Erfrischungs-/Freisetzung-Juwel 4 [<STYL MOJI_YELLOW_DEFAULT>3</STYL>]"
"JU_M083_NAME";"Schleif-/Figur-Juwel 4 [<STYL MOJI_YELLOW_DEFAULT>5</STYL>]"
"JU_M297_NAME";"Phönix-/Ausweich-Juwel 4 [<STYL MOJI_YELLOW_DEFAULT>5</STYL>]"
"JU_ENHUKU_NAME";"Rauch-Juwel 1 [<STYL MOJI_YELLOW_DEFAULT>3</STYL>]"
"JU_KOUIKI_NAME";"Freundschaft-Juwel 1 [<STYL MOJI_YELLOW_DEFAULT>5</STYL>]"
"JU_M080_NAME";"Sprung-/Figur-Juwel 4 [<STYL MOJI_YELLOW_DEFAULT>5</STYL>]"
"JU_M227_NAME";"Knock-out-/Lebenskraft-Juwel 4 [<STYL MOJI_YELLOW_DEFAULT>5</STYL>]"
"JU_TOKUSYA_NAME";"Volltreffer-Juwel 1 [<STYL MOJI_YELLOW_DEFAULT>2</STYL>]"
"JU_M294_NAME";"Furor-/Ausweich-Juwel 4 [<STYL MOJI_YELLOW_DEFAULT>5</STYL>]"
"JU_M240_NAME";"Aufweich-/Lebenskraft-Juwel 4 [<STYL MOJI_YELLOW_DEFAULT>3</STYL>]"
"JU_M196_NAME";"Wappnungs-/Schutz-Juwel 4 [<STYL MOJI_YELLOW_DEFAULT>5</STYL>]"
"JU_M193_NAME";"Makellos-/Schutz-Juwel 4 [<STYL MOJI_YELLOW_DEFAULT>5</STYL>]"
"JU_M013_NAME";"Drachen-Juwel+ 4 [<STYL MOJI_YELLOW_DEFAULT>3</STYL>]"
"JU_M248_NAME";"Potenzial-/Wartungs-Juwel 4 [<STYL MOJI_YELLOW_DEFAULT>7</STYL>]"
"JU_SYOKUGAKU_NAME";"Botanik-Juwel 1 [<STYL MOJI_YELLOW_DEFAULT>4</STYL>]"
"JU_M134_NAME";"Flug-/Experten-Juwel 4 [<STYL MOJI_YELLOW_DEFAULT>7</STYL>]"
"JU_M179_NAME";"Bomber-/Handwerk-Juwel 4 [<STYL MOJI_YELLOW_DEFAULT>5</STYL>]"
"JU_M203_NAME";"Halt-/Medizin-Juwel 4 [<STYL MOJI_YELLOW_DEFAULT>3</STYL>]"
"JU_M051_NAME";"Dauer-Juwel+ 4 [<STYL MOJI_YELLOW_DEFAULT>2</STYL>]"
"JU_M181_NAME";"Gleiter-/Handwerk-Juwel 4 [<STYL MOJI_YELLOW_DEFAULT>5</STYL>]"
"JU_M281_NAME";"Handwerk-/Figur-Juwel 4 [<STYL MOJI_YELLOW_DEFAULT>5</STYL>]"
"JU_M017_NAME";"Explosion-Juwel+ 4 [<STYL MOJI_YELLOW_DEFAULT>2</STYL>]"
"JU_KOUGEKI_NAME";"Angriff-Juwel 1 [<STYL MOJI_YELLOW_DEFAULT>7</STYL>]"
"JU_M164_NAME";"Entzug-/Handwerk-Juwel 4 [<STYL MOJI_YELLOW_DEFAULT>5</STYL>]"
"JU_M218_NAME";"Ohrstöpsel-/Medizin-Juwel 4 [<STYL MOJI_YELLOW_DEFAULT>5</STYL>]"
"JU_M050_NAME";"Hartes InsektenforscherJuwel 4 [<STYL MOJI_YELLOW_DEFAULT>1</STYL>]"
"JU_M095_NAME";"Resistor-/Ausweich-Juwel 4 [<STYL MOJI_YELLOW_DEFAULT>5</STYL>]"
"JU_HIZOKU_NAME";"Lohe-Juwel 1 [<STYL MOJI_YELLOW_DEFAULT>6</STYL>]"
"JU_M197_NAME";"Phönix-/Schutz-Juwel 4 [<STYL MOJI_YELLOW_DEFAULT>5</STYL>]"
"JU_M252_NAME";"Herausforderer-/Wartungs-Juwel 4 [<STYL MOJI_YELLOW_DEFAULT>7</STYL>]"
"JU_M135_NAME";"Sprinter-/Experten-Juwel 4 [<STYL MOJI_YELLOW_DEFAULT>7</STYL>]"
"JU_M247_NAME";"Knock-out-/Wartungs-Juwel 4 [<STYL MOJI_YELLOW_DEFAULT>5</STYL>]"
"JU_M105_NAME";"Gleiter-/Ausweich-Juwel 4 [<STYL MOJI_YELLOW_DEFAULT>5</STYL>]"
"JU_M277_NAME";"Phönix-/Figur-Juwel 4 [<STYL MOJI_YELLOW_DEFAULT>5</STYL>]"
"JU_M066_NAME";"Ausweich-Juwel+ 4 [<STYL MOJI_YELLOW_DEFAULT>3</STYL>]"
"JU_M037_NAME";"Hartes Einschüchtern-Juwel 4 [<STYL MOJI_YELLOW_DEFAULT>1</STYL>]"
"JU_M270_NAME";"Ziehen-/Figur-Juwel 4 [<STYL MOJI_YELLOW_DEFAULT>5</STYL>]"
"JU_M106_NAME";"Wächter-/Ausweich-Juwel 4 [<STYL MOJI_YELLOW_DEFAULT>5</STYL>]"
"JU_M084_NAME";"Bomber-/Figur-Juwel 4 [<STYL MOJI_YELLOW_DEFAULT>5</STYL>]"
"JU_M276_NAME";"Wappnungs-/Figur-Juwel 4 [<STYL MOJI_YELLOW_DEFAULT>5</STYL>]"
"JU_M159_NAME";"Schleif-/Freisetzung-Juwel 4 [<STYL MOJI_YELLOW_DEFAULT>3</STYL>]"
"JU_M223_NAME";"Halt-/Lebenskraft-Juwel 4 [<STYL MOJI_YELLOW_DEFAULT>3</STYL>]"
"JU_M261_NAME";"Handwerk-/Wartungs-Juwel 4 [<STYL MOJI_YELLOW_DEFAULT>5</STYL>]"
"JU_HARAHERI_NAME";"Hungerfrei-Juwel 1 [<STYL MOJI_YELLOW_DEFAULT>3</STYL>]"
"JU_M192_NAME";"Herausforderer-/Schutz-Juwel 4 [<STYL MOJI_YELLOW_DEFAULT>7</STYL>]"
"JU_M219_NAME";"Kritisches/Medizin-Juwel 4 [<STYL MOJI_YELLOW_DEFAULT>3</STYL>]"
"JU_GOUZIN_NAME";"Scharfes Juwel 2 [<STYL MOJI_YELLOW_DEFAULT>1</STYL>]"
"JU_NUMAWATARI_NAME";"Sumpfläufer-Juwel 1 [<STYL MOJI_YELLOW_DEFAULT>3</STYL>]"
"JU_M307_NAME";"Akrobaten-Juwel 3 [<STYL MOJI_YELLOW_DEFAULT>1</STYL>]"
"JU_M075_NAME";"Steinwerfer-/Figur-Juwel 4 [<STYL MOJI_YELLOW_DEFAULT>5</STYL>]"
"JU_M286_NAME";"Zerstörer-/Ausweich-Juwel 4 [<STYL MOJI_YELLOW_DEFAULT>5</STYL>]"
"JU_M046_NAME";"Klang-Juwel+ 4 [<STYL MOJI_YELLOW_DEFAULT>1</STYL>]"
"JU_M188_NAME";"Potenzial-/Schutz-Juwel 4 [<STYL MOJI_YELLOW_DEFAULT>7</STYL>]"
"JU_M021_NAME";"Hartes Donnerabwehr-Juwel 4 [<STYL MOJI_YELLOW_DEFAULT>1</STYL>]"
"JU_RYUUZOKU_NAME";"Drachen-Juwel 1 [<STYL MOJI_YELLOW_DEFAULT>6</STYL>]"
"JU_M008_NAME";"Drachenabwehr-Juwel+ 4 [<STYL MOJI_YELLOW_DEFAULT>2</STYL>]"
"JU_M163_NAME";"Wächter-/Freisetzung-Juwel 4 [<STYL MOJI_YELLOW_DEFAULT>3</STYL>]"
"JU_M232_NAME";"Herausforderer-/Lebenskraft-Juwel 4 [<STYL MOJI_YELLOW_DEFAULT>7</STYL>]"
"JU_MAHI_NAME";"Anti-Lähm-Juwel 1 [<STYL MOJI_YELLOW_DEFAULT>3</STYL>]"
"JU_BOUDOWN_NAME";"Abwehrsperre-Juwel 1 [<STYL MOJI_YELLOW_DEFAULT>3</STYL>]"
"JU_M173_NAME";"Sprinter-/Handwerk-Juwel 4 [<STYL MOJI_YELLOW_DEFAULT>5</STYL>]"
"JU_M209_NAME";"Windresistenz-/Medizin-Juwel 4 [<STYL MOJI_YELLOW_DEFAULT>5</STYL>]"
"JU_M012_NAME";"Blitz-Juwel+ 4 [<STYL MOJI_YELLOW_DEFAULT>3</STYL>]"
"JU_M057_NAME";"Windresistenz-Juwel+ 4 [<STYL MOJI_YELLOW_DEFAULT>3</STYL>]"
"JU_M009_NAME";"Lohe-Juwel+ 4 [<STYL MOJI_YELLOW_DEFAULT>3</STYL>]"
"JU_M212_NAME";"Herausforderer-/Medizin-Juwel4 [<STYL MOJI_YELLOW_DEFAULT>7</STYL>]"
"JU_M125_NAME";"Wächter-/Angriff-Juwel 4 [<STYL MOJI_YELLOW_DEFAULT>7</STYL>]"
"JU_M257_NAME";"Phönix-/Wartungs-Juwel 4 [<STYL MOJI_YELLOW_DEFAULT>5</STYL>]"
"JU_JUUGEKI_NAME";"Zerstörer-Juwel 2 [<STYL MOJI_YELLOW_DEFAULT>3</STYL>]"
"JU_M072_NAME";"Eisenmauer-/Figur-Juwel 4 [<STYL MOJI_YELLOW_DEFAULT>5</STYL>]"
"JU_M142_NAME";"Pilzform-/Experten-Juwel 4 [<STYL MOJI_YELLOW_DEFAULT>7</STYL>]"
"JU_KAMINARI_NAME";"Donnerabwehr-Juwel 1 [<STYL MOJI_YELLOW_DEFAULT>3</STYL>]"
"JU_M026_NAME";"Felsenfest-Juwel+ 4 [<STYL MOJI_YELLOW_DEFAULT>2</STYL>]"
"JU_M187_NAME";"Knock-out-/Schutz-Juwel 4 [<STYL MOJI_YELLOW_DEFAULT>5</STYL>]"
"JU_HI_NAME";"Feuerabwehr-Juwel 1 [<STYL MOJI_YELLOW_DEFAULT>3</STYL>]"
"JU_MIMISEN_NAME";"Ohrstöpsel-Juwel 3 [<STYL MOJI_YELLOW_DEFAULT>5</STYL>]"
"JU_M255_NAME";"Mächtiges/Wartungs-Juwel 4 [<STYL MOJI_YELLOW_DEFAULT>5</STYL>]"
"JU_M260_NAME";"Aufweich-/Wartungs-Juwel 4 [<STYL MOJI_YELLOW_DEFAULT>5</STYL>]"
"JU_M127_NAME";"Kraft-/Experten-Juwel 4 [<STYL MOJI_YELLOW_DEFAULT>7</STYL>]"
"JU_M060_NAME";"Handwerk-Juwel+ 4 [<STYL MOJI_YELLOW_DEFAULT>3</STYL>]"
"JU_TYOUSEN_NAME";"Herausforderer-Juwel 2 [<STYL MOJI_YELLOW_DEFAULT>7</STYL>]"
"JU_TAIJYUTSU_NAME";"Figur-Juwel 2 [<STYL MOJI_YELLOW_DEFAULT>5</STYL>]"
"JU_M175_NAME";"Sprung-/Handwerk-Juwel 4 [<STYL MOJI_YELLOW_DEFAULT>5</STYL>]"
"JU_M140_NAME";"Schleif-/Experten-Juwel 4 [<STYL MOJI_YELLOW_DEFAULT>7</STYL>]"
"JU_M288_NAME";"Potenzial-/Ausweich-Juwel 4 [<STYL MOJI_YELLOW_DEFAULT>7</STYL>]"
"JU_FULPOWER_NAME";"Makellos-Juwel 2 [<STYL MOJI_YELLOW_DEFAULT>3</STYL>]"
"JU_M069_NAME";"Entzug-/Figur-Juwel 4 [<STYL MOJI_YELLOW_DEFAULT>5</STYL>]"
"JU_M308_NAME";"Rasierer-Juwel 3 [<STYL MOJI_YELLOW_DEFAULT>1</STYL>]"
"JU_M074_NAME";"Sattes/Figur-Juwel 4 [<STYL MOJI_YELLOW_DEFAULT>5</STYL>]"
"JU_TYOKAISIN_NAME";"Kritisches Juwel 2 [<STYL MOJI_YELLOW_DEFAULT>3</STYL>]"
"JU_FUE_NAME";"Klang-Juwel 1 [<STYL MOJI_YELLOW_DEFAULT>2</STYL>]"
"JU_M070_NAME";"Kraft-/Figur-Juwel 4 [<STYL MOJI_YELLOW_DEFAULT>5</STYL>]"
"JU_M067_NAME";"Eisenmauer-Juwel+ 4 [<STYL MOJI_YELLOW_DEFAULT>3</STYL>]"
"JU_DOKUBIN_NAME";"Giftbeschichtung-Juwel 3 [<STYL MOJI_YELLOW_DEFAULT>1</STYL>]"
"JU_M022_NAME";"Hartes Drachenabwehr-Juwel 4 [<STYL MOJI_YELLOW_DEFAULT>1</STYL>]"
"JU_MUGEKI_NAME";"Elementloses Juwel 2 [<STYL MOJI_YELLOW_DEFAULT>1</STYL>]"
"JU_M253_NAME";"Makellos-/Wartungs-Juwel 4 [<STYL MOJI_YELLOW_DEFAULT>5</STYL>]"
"JU_M129_NAME";"Eisenmauer-/Experten-Juwel 4 [<STYL MOJI_YELLOW_DEFAULT>7</STYL>]"
"JU_M016_NAME";"Schlaf-Juwel+ 4 [<STYL MOJI_YELLOW_DEFAULT>2</STYL>]"
"JU_M152_NAME";"Resistor-/Freisetzung-Juwel 4 [<STYL MOJI_YELLOW_DEFAULT>3</STYL>]"
"JU_INZYA_NAME";"Schleich-Juwel 1 [<STYL MOJI_YELLOW_DEFAULT>3</STYL>]"
"JU_M291_NAME";"Vollgas-/Ausweich-Juwel 4 [<STYL MOJI_YELLOW_DEFAULT>7</STYL>]"
"JU_M019_NAME";"Hartes Wasserabwehr-Juwel 4 [<STYL MOJI_YELLOW_DEFAULT>1</STYL>]"
"JU_M130_NAME";"Freundschaft-/Experten-Juwel 4 [<STYL MOJI_YELLOW_DEFAULT>7</STYL>]"
"JU_TIYU_NAME";"Medizin-Juwel 1 [<STYL MOJI_YELLOW_DEFAULT>3</STYL>]"
"JU_M278_NAME";"Ohrstöpsel-/Figur-Juwel 4 [<STYL MOJI_YELLOW_DEFAULT>5</STYL>]"
"JU_KANTUU_NAME";"Perforations-Juwel 3 [<STYL MOJI_YELLOW_DEFAULT>2</STYL>]"
"JU_M139_NAME";"Verschling-/Experten-Juwel 4 [<STYL MOJI_YELLOW_DEFAULT>7</STYL>]"
"JU_M243_NAME";"Halt-/Wartungs-Juwel 4 [<STYL MOJI_YELLOW_DEFAULT>5</STYL>]"
"JU_M202_NAME";"Freisetzung-/Schutz-Juwel 4 [<STYL MOJI_YELLOW_DEFAULT>5</STYL>]"
"JU_M205_NAME";"Verstärker-/Medizin-Juwel 4 [<STYL MOJI_YELLOW_DEFAULT>3</STYL>]"
"JU_M177_NAME";"Verschling-/Handwerk-Juwel 4 [<STYL MOJI_YELLOW_DEFAULT>5</STYL>]"
"JU_M190_NAME";"Ziehen-/Schutz-Juwel 4 [<STYL MOJI_YELLOW_DEFAULT>5</STYL>]"
"JU_TOUSEKI_NAME";"Steinwerfer-Juwel 1 [<STYL MOJI_YELLOW_DEFAULT>5</STYL>]"
"JU_M303_NAME";"Überleben-Juwel 1 [<STYL MOJI_YELLOW_DEFAULT>3</STYL>]"
"JU_M034_NAME";"Einschüchtern-Juwel+ 4 [<STYL MOJI_YELLOW_DEFAULT>2</STYL>]"
"JU_KAIHIKYORI_NAME";"Sprung-Juwel 2 [<STYL MOJI_YELLOW_DEFAULT>3</STYL>]"
"JU_M079_NAME";"Erfrischungs-/Figur-Juwel 4 [<STYL MOJI_YELLOW_DEFAULT>5</STYL>]"
"JU_KYUUKAKU_NAME";"Geruchs-Juwel 1 [<STYL MOJI_YELLOW_DEFAULT>1</STYL>]"
"JU_M117_NAME";"Erfrischungs-/Angriff-Juwel 4 [<STYL MOJI_YELLOW_DEFAULT>7</STYL>]"
"JU_M265_NAME";"Verstärker-/Figur-Juwel 4 [<STYL MOJI_YELLOW_DEFAULT>5</STYL>]"
"JU_M165_NAME";"Kraft-/Handwerk-Juwel 4 [<STYL MOJI_YELLOW_DEFAULT>5</STYL>]"
"JU_M220_NAME";"Aufweich-/Medizin-Juwel 4 [<STYL MOJI_YELLOW_DEFAULT>3</STYL>]"
"JU_M217_NAME";"Phönix-/Medizin-Juwel 4 [<STYL MOJI_YELLOW_DEFAULT>3</STYL>]"
"JU_M004_NAME";"Feuerabwehr-Juwel+ 4 [<STYL MOJI_YELLOW_DEFAULT>2</STYL>]"
"JU_M049_NAME";"Hartes Überleben-Juwel 4 [<STYL MOJI_YELLOW_DEFAULT>1</STYL>]"
"JU_M104_NAME";"Pilzform-/Ausweich-Juwel 4 [<STYL MOJI_YELLOW_DEFAULT>5</STYL>]"
"JU_M195_NAME";"Mächtiges/Schutz-Juwel 4 [<STYL MOJI_YELLOW_DEFAULT>5</STYL>]"
"JU_M150_NAME";"Sattes/Freisetzung-Juwel 4 [<STYL MOJI_YELLOW_DEFAULT>3</STYL>]"
"JU_M052_NAME";"Verteidigung-Juwel+ 4 [<STYL MOJI_YELLOW_DEFAULT>4</STYL>]"
"JU_M102_NAME";"Schleif-/Ausweich-Juwel 4 [<STYL MOJI_YELLOW_DEFAULT>5</STYL>]"
"JU_M263_NAME";"Halt-/Figur-Juwel 4 [<STYL MOJI_YELLOW_DEFAULT>5</STYL>]"
"JU_M119_NAME";"Wegsteck-/Angriff-Juwel 4 [<STYL MOJI_YELLOW_DEFAULT>7</STYL>]"
"JU_M180_NAME";"Pilzform-/Handwerk-Juwel 4 [<STYL MOJI_YELLOW_DEFAULT>5</STYL>]"
"JU_TANSYUKU_NAME";"Ladungs-Juwel 2 [<STYL MOJI_YELLOW_DEFAULT>3</STYL>]"
"JU_TAIRYOKU_NAME";"Lebenskraft-Juwel 1 [<STYL MOJI_YELLOW_DEFAULT>3</STYL>]"
"JU_KAGO_NAME";"Schutz-Juwel 1 [<STYL MOJI_YELLOW_DEFAULT>5</STYL>]"
"JU_M293_NAME";"Makellos-/Ausweich-Juwel 4 [<STYL MOJI_YELLOW_DEFAULT>5</STYL>]"
"JU_M077_NAME";"Flug-/Figur-Juwel 4 [<STYL MOJI_YELLOW_DEFAULT>5</STYL>]"
"JU_M132_NAME";"Steinwerfer-/Experten-Juwel 4 [<STYL MOJI_YELLOW_DEFAULT>7</STYL>]"
"JU_M305_NAME";"Wärme-Juwel 2 [<STYL MOJI_YELLOW_DEFAULT>1</STYL>]"
"JU_M082_NAME";"Verschling-/Figur-Juwel 4 [<STYL MOJI_YELLOW_DEFAULT>5</STYL>]"
"JU_M059_NAME";"Experten-Juwel+ 4 [<STYL MOJI_YELLOW_DEFAULT>4</STYL>]"
"JU_SUIMINBIN_NAME";"Schlafbeschichtung-Juwel 3 [<STYL MOJI_YELLOW_DEFAULT>1</STYL>]"
"JU_GYAKKYOU_NAME";"Kraft-Juwel 1 [<STYL MOJI_YELLOW_DEFAULT>1</STYL>]"
"JU_BAKUSHI_NAME";"Bomber-Juwel 1 [<STYL MOJI_YELLOW_DEFAULT>5</STYL>]"
"JU_M062_NAME";"Herausforderer-Juwel+ 4 [<STYL MOJI_YELLOW_DEFAULT>4</STYL>]"
"JU_M170_NAME";"Steinwerfer-/Handwerk-Juwel 4 [<STYL MOJI_YELLOW_DEFAULT>5</STYL>]"
"JU_M122_NAME";"Bomber-/Angriff-Juwel 4 [<STYL MOJI_YELLOW_DEFAULT>7</STYL>]"
"JU_M014_NAME";"Gift-Juwel+ 4 [<STYL MOJI_YELLOW_DEFAULT>2</STYL>]"
"JU_M207_NAME";"Knock-out-/Medizin-Juwel 4 [<STYL MOJI_YELLOW_DEFAULT>5</STYL>]"
"JU_M200_NAME";"Aufweich-/Schutz-Juwel 4 [<STYL MOJI_YELLOW_DEFAULT>5</STYL>]"
"JU_M137_NAME";"Sprung-/Experten-Juwel 4 [<STYL MOJI_YELLOW_DEFAULT>7</STYL>]"
"JU_M245_NAME";"Verstärker-/Wartungs-Juwel 4 [<STYL MOJI_YELLOW_DEFAULT>5</STYL>]"
"JU_M298_NAME";"Ohrstöpsel-/Ausweich-Juwel 4 [<STYL MOJI_YELLOW_DEFAULT>5</STYL>]"
"JU_M097_NAME";"Sprinter-/Ausweich-Juwel 4 [<STYL MOJI_YELLOW_DEFAULT>5</STYL>]"
"JU_M210_NAME";"Ziehen-/Medizin-Juwel 4 [<STYL MOJI_YELLOW_DEFAULT>3</STYL>]"
"JU_HOUSYU_NAME";"Schwere-Artillerie-Juwel 1 [<STYL MOJI_YELLOW_DEFAULT>2</STYL>]"
"JU_M235_NAME";"Mächtiges/Lebenskraft-Juwel 4 [<STYL MOJI_YELLOW_DEFAULT>5</STYL>]"
"JU_M160_NAME";"Bomber-/Freisetzung-Juwel 4 [<STYL MOJI_YELLOW_DEFAULT>5</STYL>]"
"JU_M283_NAME";"Halt-/Ausweich-Juwel 4 [<STYL MOJI_YELLOW_DEFAULT>5</STYL>]"
"JU_M185_NAME";"Verstärker-/Schutz-Juwel 4 [<STYL MOJI_YELLOW_DEFAULT>5</STYL>]"
"JU_M147_NAME";"Krisen-/Freisetzung-Juwel 4 [<STYL MOJI_YELLOW_DEFAULT>3</STYL>]"
"JU_M024_NAME";"Anti-Lähm-Juwel+ 4 [<STYL MOJI_YELLOW_DEFAULT>2</STYL>]"
