"JU_M287_NAME";"KO/Evasion Jewel 4 [<STYL MOJI_YELLOW_DEFAULT>5</STYL>]"
"JU_M073_NAME";"Friendship/Physique Jewel 4 [<STYL MOJI_YELLOW_DEFAULT>5</STYL>]"
"JU_M112_NAME";"Satiated/Attack Jewel 4 [<STYL MOJI_YELLOW_DEFAULT>7</STYL>]"
"JU_M157_NAME";"Sheath/Release Jewel 4 [<STYL MOJI_YELLOW_DEFAULT>3</STYL>]"
"JU_M225_NAME";"Enhancer/Vitality Jewel 4 [<STYL MOJI_YELLOW_DEFAULT>3</STYL>]"
"JU_BAKUHA_NAME";"Antiblast Jewel 1 [<STYL MOJI_YELLOW_DEFAULT>3</STYL>]"
"JU_M056_NAME";"Earplug Jewel+ 4 [<STYL MOJI_YELLOW_DEFAULT>3</STYL>]"
"JU_M011_NAME";"Frost Jewel+ 4 [<STYL MOJI_YELLOW_DEFAULT>3</STYL>]"
"JU_MIZUZOKU_NAME";"Stream Jewel 1 [<STYL MOJI_YELLOW_DEFAULT>6</STYL>]"
"JU_M242_NAME";"Release/Vitality Jewel 4 [<STYL MOJI_YELLOW_DEFAULT>3</STYL>]"
"JU_M191_NAME";"Throttle/Protection Jewel 4 [<STYL MOJI_YELLOW_DEFAULT>7</STYL>]"
"JU_M044_NAME";"Mirewalker Jewel+ 4 [<STYL MOJI_YELLOW_DEFAULT>2</STYL>]"
"JU_M230_NAME";"Draw/Vitality Jewel 4 [<STYL MOJI_YELLOW_DEFAULT>3</STYL>]"
"JU_M186_NAME";"Destroyer/Protection Jewel 4 [<STYL MOJI_YELLOW_DEFAULT>5</STYL>]"
"JU_M299_NAME";"Critical/Evasion Jewel 4 [<STYL MOJI_YELLOW_DEFAULT>5</STYL>]"
"JU_M085_NAME";"Fungiform/Physique Jewel 4 [<STYL MOJI_YELLOW_DEFAULT>5</STYL>]"
"JU_RYUU_NAME";"Dragon Res Jewel 1 [<STYL MOJI_YELLOW_DEFAULT>3</STYL>]"
"JU_M039_NAME";"Trueshot Jewel+ 4 [<STYL MOJI_YELLOW_DEFAULT>1</STYL>]"
"JU_M271_NAME";"Throttle/Physique Jewel 4 [<STYL MOJI_YELLOW_DEFAULT>7</STYL>]"
"JU_M124_NAME";"Slider/Attack Jewel 4 [<STYL MOJI_YELLOW_DEFAULT>7</STYL>]"
"JU_M258_NAME";"Earplug/Maintenance Jewel 4 [<STYL MOJI_YELLOW_DEFAULT>5</STYL>]"
"JU_M090_NAME";"Crisis/Evasion Jewel 4 [<STYL MOJI_YELLOW_DEFAULT>5</STYL>]"
"JU_M023_NAME";"Antidote Jewel+ 4 [<STYL MOJI_YELLOW_DEFAULT>2</STYL>]"
"JU_M006_NAME";"Ice Res Jewel+ 4 [<STYL MOJI_YELLOW_DEFAULT>2</STYL>]"
"JU_M162_NAME";"Slider/Release Jewel 4 [<STYL MOJI_YELLOW_DEFAULT>3</STYL>]"
"JU_M275_NAME";"Mighty/Physique Jewel 4 [<STYL MOJI_YELLOW_DEFAULT>5</STYL>]"
"JU_M107_NAME";"Drain/Attack Jewel 4 [<STYL MOJI_YELLOW_DEFAULT>7</STYL>]"
"JU_M145_NAME";"Drain/Release Jewel 4 [<STYL MOJI_YELLOW_DEFAULT>5</STYL>]"
"JU_M237_NAME";"Phoenix/Vitality Jewel 4 [<STYL MOJI_YELLOW_DEFAULT>3</STYL>]"
"JU_M061_NAME";"Throttle Jewel+ 4 [<STYL MOJI_YELLOW_DEFAULT>4</STYL>]"
"JU_TAISYOUKI_NAME";"Miasma Jewel 1 [<STYL MOJI_YELLOW_DEFAULT>3</STYL>]"
"JU_MAHIBIN_NAME";"Paracoat Jewel 3 [<STYL MOJI_YELLOW_DEFAULT>1</STYL>]"
"JU_M089_NAME";"Fortitude/Evasion Jewel 4 [<STYL MOJI_YELLOW_DEFAULT>5</STYL>]"
"JU_M246_NAME";"Destroyer/Maintenance Jewel 4 [<STYL MOJI_YELLOW_DEFAULT>5</STYL>]"
"JU_M249_NAME";"Wind Resist/Maintenance Jewel 4 [<STYL MOJI_YELLOW_DEFAULT>5</STYL>]"
"JU_M133_NAME";"Resistor/Expert Jewel 4 [<STYL MOJI_YELLOW_DEFAULT>7</STYL>]"
"JU_TUUGEKI_NAME";"Tenderizer Jewel 2 [<STYL MOJI_YELLOW_DEFAULT>3</STYL>]"
"JU_DOKU_NAME";"Antidote Jewel 1 [<STYL MOJI_YELLOW_DEFAULT>3</STYL>]"
"JU_M032_NAME";"Recovery Jewel+ 4 [<STYL MOJI_YELLOW_DEFAULT>2</STYL>]"
"JU_M035_NAME";"Meowster Jewel+ 4 [<STYL MOJI_YELLOW_DEFAULT>3</STYL>]"
"JU_M136_NAME";"Refresh/Expert Jewel 4 [<STYL MOJI_YELLOW_DEFAULT>7</STYL>]"
"JU_LOVEKINOKO_NAME";"Fungiform Jewel 1 [<STYL MOJI_YELLOW_DEFAULT>3</STYL>]"
"JU_RYUUHUU_NAME";"Dragonseal Jewel 3 [<STYL MOJI_YELLOW_DEFAULT>1</STYL>]"
"JU_M208_NAME";"Potential/Medicine Jewel 4 [<STYL MOJI_YELLOW_DEFAULT>7</STYL>]"
"JU_M221_NAME";"Handicraft/Medicine Jewel 4 [<STYL MOJI_YELLOW_DEFAULT>5</STYL>]"
"JU_M174_NAME";"Refresh/Handicraft Jewel 4 [<STYL MOJI_YELLOW_DEFAULT>5</STYL>]"
"JU_KASSOU_NAME";"Slider Jewel 2 [<STYL MOJI_YELLOW_DEFAULT>1</STYL>]"
"JU_M020_NAME";"Hard Ice Res Jewel 4 [<STYL MOJI_YELLOW_DEFAULT>1</STYL>]"
"JU_SOKODIKARA_NAME";"Potential Jewel 2 [<STYL MOJI_YELLOW_DEFAULT>7</STYL>]"
"JU_M065_NAME";"Physique Jewel+ 4 [<STYL MOJI_YELLOW_DEFAULT>3</STYL>]"
"JU_M120_NAME";"Gobbler/Attack Jewel 4 [<STYL MOJI_YELLOW_DEFAULT>7</STYL>]"
"JU_TAISYOUGEKI_NAME";"Brace Jewel 3 [<STYL MOJI_YELLOW_DEFAULT>3</STYL>]"
"JU_MAHIATK_NAME";"Paralyzer Jewel 1 [<STYL MOJI_YELLOW_DEFAULT>4</STYL>]"
"JU_M064_NAME";"Furor Jewel+ 4 [<STYL MOJI_YELLOW_DEFAULT>3</STYL>]"
"JU_M295_NAME";"Mighty/Evasion Jewel 4 [<STYL MOJI_YELLOW_DEFAULT>5</STYL>]"
"JU_M003_NAME";"Cooling Jewel 2 [<STYL MOJI_YELLOW_DEFAULT>1</STYL>]"
"JU_M250_NAME";"Draw/Maintenance Jewel 4 [<STYL MOJI_YELLOW_DEFAULT>5</STYL>]"
"JU_M018_NAME";"Hard Fire Res Jewel 4 [<STYL MOJI_YELLOW_DEFAULT>1</STYL>]"
"JU_M116_NAME";"Sprinter/Attack Jewel 4 [<STYL MOJI_YELLOW_DEFAULT>7</STYL>]"
"JU_M047_NAME";"Hard Botany Jewel+ 4 [<STYL MOJI_YELLOW_DEFAULT>1</STYL>]"
"JU_M036_NAME";"Hard Tip Toe Jewel 4 [<STYL MOJI_YELLOW_DEFAULT>1</STYL>]"
"JU_M183_NAME";"Footing/Protection Jewel 4 [<STYL MOJI_YELLOW_DEFAULT>5</STYL>]"
"JU_SUTAMINA_NAME";"Sprinter Jewel 2 [<STYL MOJI_YELLOW_DEFAULT>3</STYL>]"
"JU_M149_NAME";"Friendship/Release Jewel 4 [<STYL MOJI_YELLOW_DEFAULT>5</STYL>]"
"JU_M204_NAME";"Charger/Medicine Jewel 4 [<STYL MOJI_YELLOW_DEFAULT>3</STYL>]"
"JU_M178_NAME";"Grinder/Handicraft Jewel 4 [<STYL MOJI_YELLOW_DEFAULT>5</STYL>]"
"JU_M233_NAME";"Flawless/Vitality Jewel 4 [<STYL MOJI_YELLOW_DEFAULT>3</STYL>]"
"JU_KOORI_NAME";"Ice Res Jewel 1 [<STYL MOJI_YELLOW_DEFAULT>3</STYL>]"
"JU_M296_NAME";"Brace/Evasion Jewel 4 [<STYL MOJI_YELLOW_DEFAULT>5</STYL>]"
"JU_M302_NAME";"Release/Evasion Jewel 4 [<STYL MOJI_YELLOW_DEFAULT>5</STYL>]"
"JU_IKAKU_NAME";"Intimidator Jewel 1 [<STYL MOJI_YELLOW_DEFAULT>3</STYL>]"
"JU_M093_NAME";"Satiated/Evasion Jewel 4 [<STYL MOJI_YELLOW_DEFAULT>5</STYL>]"
"JU_HONKI_NAME";"Throttle Jewel 2 [<STYL MOJI_YELLOW_DEFAULT>7</STYL>]"
"JU_M266_NAME";"Destroyer/Physique Jewel 4 [<STYL MOJI_YELLOW_DEFAULT>5</STYL>]"
"JU_NOUTOU_NAME";"Sheath Jewel 1 [<STYL MOJI_YELLOW_DEFAULT>3</STYL>]"
"JU_GYAKUJYO_NAME";"Furor Jewel 2 [<STYL MOJI_YELLOW_DEFAULT>5</STYL>]"
"JU_M031_NAME";"Hungerless Jewel+ 4 [<STYL MOJI_YELLOW_DEFAULT>2</STYL>]"
"JU_M228_NAME";"Potential/Vitality Jewel 4 [<STYL MOJI_YELLOW_DEFAULT>7</STYL>]"
"JU_M154_NAME";"Sprinter/Release Jewel 4 [<STYL MOJI_YELLOW_DEFAULT>3</STYL>]"
"JU_M222_NAME";"Release/Medicine Jewel 4 [<STYL MOJI_YELLOW_DEFAULT>3</STYL>]"
"JU_M115_NAME";"Flight/Attack Jewel 4 [<STYL MOJI_YELLOW_DEFAULT>7</STYL>]"
"JU_M267_NAME";"KO/Physique Jewel 4 [<STYL MOJI_YELLOW_DEFAULT>5</STYL>]"
"JU_TAKUMI_NAME";"Handicraft Jewel 3 [<STYL MOJI_YELLOW_DEFAULT>5</STYL>]"
"JU_M198_NAME";"Earplug/Protection Jewel 4 [<STYL MOJI_YELLOW_DEFAULT>5</STYL>]"
"JU_M153_NAME";"Flight/Release Jewel 4 [<STYL MOJI_YELLOW_DEFAULT>3</STYL>]"
"JU_M100_NAME";"Sheath/Evasion Jewel 4 [<STYL MOJI_YELLOW_DEFAULT>5</STYL>]"
"JU_M229_NAME";"Wind Resist/Vitality Jewel 4 [<STYL MOJI_YELLOW_DEFAULT>5</STYL>]"
"JU_M169_NAME";"Satiated/Handicraft Jewel 4 [<STYL MOJI_YELLOW_DEFAULT>5</STYL>]"
"JU_M002_NAME";"Guardian Jewel 2 [<STYL MOJI_YELLOW_DEFAULT>3</STYL>]"
"JU_M280_NAME";"Tenderizer/Physique Jewel 4 [<STYL MOJI_YELLOW_DEFAULT>5</STYL>]"
"JU_M027_NAME";"Antiblast Jewel+ 4 [<STYL MOJI_YELLOW_DEFAULT>2</STYL>]"
"JU_M144_NAME";"Guardian/Expert Jewel 4 [<STYL MOJI_YELLOW_DEFAULT>7</STYL>]"
"JU_M238_NAME";"Earplug/Vitality Jewel 4 [<STYL MOJI_YELLOW_DEFAULT>5</STYL>]"
"JU_M301_NAME";"Handicraft/Evasion Jewel 4 [<STYL MOJI_YELLOW_DEFAULT>5</STYL>]"
"JU_M094_NAME";"Stonethrower/Evasion Jewel 4 [<STYL MOJI_YELLOW_DEFAULT>5</STYL>]"
"JU_KAIHI_NAME";"Evasion Jewel 2 [<STYL MOJI_YELLOW_DEFAULT>5</STYL>]"
"JU_M040_NAME";"Heavy Artillery Jewel+ 4 [<STYL MOJI_YELLOW_DEFAULT>1</STYL>]"
"JU_M251_NAME";"Throttle/Maintenance Jewel 4 [<STYL MOJI_YELLOW_DEFAULT>7</STYL>]"
"JU_HOUJUTU_NAME";"Artillery Jewel 1 [<STYL MOJI_YELLOW_DEFAULT>5</STYL>]"
"JU_M213_NAME";"Flawless/Medicine Jewel 4 [<STYL MOJI_YELLOW_DEFAULT>3</STYL>]"
"JU_M182_NAME";"Guardian/Handicraft Jewel 4 [<STYL MOJI_YELLOW_DEFAULT>5</STYL>]"
"JU_HAYAGUI_NAME";"Gobbler Jewel 1 [<STYL MOJI_YELLOW_DEFAULT>3</STYL>]"
"JU_M272_NAME";"Challenger/Physique Jewel 4 [<STYL MOJI_YELLOW_DEFAULT>7</STYL>]"
"JU_M111_NAME";"Friendship/Attack Jewel 4 [<STYL MOJI_YELLOW_DEFAULT>7</STYL>]"
"JU_M156_NAME";"Jumping/Release Jewel 4 [<STYL MOJI_YELLOW_DEFAULT>3</STYL>]"
"JU_M226_NAME";"Destroyer/Vitality Jewel 4 [<STYL MOJI_YELLOW_DEFAULT>3</STYL>]"
"JU_M113_NAME";"Stonethrower/Attack Jewel 4 [<STYL MOJI_YELLOW_DEFAULT>7</STYL>]"
"JU_M269_NAME";"Wind Resist/Physique Jewel 4 [<STYL MOJI_YELLOW_DEFAULT>5</STYL>]"
"JU_M055_NAME";"Artillery Jewel+ 4 [<STYL MOJI_YELLOW_DEFAULT>3</STYL>]"
"JU_BOUHUU_NAME";"Wind Resist Jewel 2 [<STYL MOJI_YELLOW_DEFAULT>5</STYL>]"
"JU_M189_NAME";"Wind Resist/Protection Jewel 4 [<STYL MOJI_YELLOW_DEFAULT>5</STYL>]"
"JU_M041_NAME";"Botany Jewel+ 4 [<STYL MOJI_YELLOW_DEFAULT>2</STYL>]"
"JU_M241_NAME";"Handicraft/Vitality Jewel 4 [<STYL MOJI_YELLOW_DEFAULT>5</STYL>]"
"JU_M088_NAME";"Drain/Evasion Jewel 4 [<STYL MOJI_YELLOW_DEFAULT>5</STYL>]"
"JU_M028_NAME";"Suture Jewel+ 4 [<STYL MOJI_YELLOW_DEFAULT>2</STYL>]"
"JU_ZOKUKAI_NAME";"Release Jewel 3 [<STYL MOJI_YELLOW_DEFAULT>3</STYL>]"
"JU_M108_NAME";"Fortitude/Attack Jewel 4 [<STYL MOJI_YELLOW_DEFAULT>7</STYL>]"
"JU_M274_NAME";"Furor/Physique Jewel 4 [<STYL MOJI_YELLOW_DEFAULT>5</STYL>]"
"JU_M306_NAME";"Diversion Jewel 3 [<STYL MOJI_YELLOW_DEFAULT>1</STYL>]"
"JU_M123_NAME";"Fungiform/Attack Jewel 4 [<STYL MOJI_YELLOW_DEFAULT>7</STYL>]"
"JU_M076_NAME";"Resistor/Physique Jewel 4 [<STYL MOJI_YELLOW_DEFAULT>5</STYL>]"
"JU_M231_NAME";"Throttle/Vitality Jewel 4 [<STYL MOJI_YELLOW_DEFAULT>7</STYL>]"
"JU_M284_NAME";"Charger/Evasion Jewel 4 [<STYL MOJI_YELLOW_DEFAULT>5</STYL>]"
"JU_M168_NAME";"Friendship/Handicraft Jewel 4 [<STYL MOJI_YELLOW_DEFAULT>5</STYL>]"
"JU_M214_NAME";"Furor/Medicine Jewel 4 [<STYL MOJI_YELLOW_DEFAULT>5</STYL>]"
"JU_M262_NAME";"Release/Maintenance Jewel 4 [<STYL MOJI_YELLOW_DEFAULT>5</STYL>]"
"JU_M259_NAME";"Critical/Maintenance Jewel 4 [<STYL MOJI_YELLOW_DEFAULT>5</STYL>]"
"JU_M199_NAME";"Critical/Protection Jewel 4 [<STYL MOJI_YELLOW_DEFAULT>5</STYL>]"
"JU_M007_NAME";"Thunder Res Jewel+ 4 [<STYL MOJI_YELLOW_DEFAULT>2</STYL>]"
"JU_M161_NAME";"Fungiform/Release Jewel 4 [<STYL MOJI_YELLOW_DEFAULT>3</STYL>]"
"JU_DOKUATK_NAME";"Venom Jewel 1 [<STYL MOJI_YELLOW_DEFAULT>4</STYL>]"
"JU_M045_NAME";"Specimen Jewel+ 4 [<STYL MOJI_YELLOW_DEFAULT>2</STYL>]"
"JU_GOUKYU_NAME";"Mighty Bow Jewel 2 [<STYL MOJI_YELLOW_DEFAULT>1</STYL>]"
"JU_M098_NAME";"Refresh/Evasion Jewel 4 [<STYL MOJI_YELLOW_DEFAULT>5</STYL>]"
"JU_M224_NAME";"Charger/Vitality Jewel 4 [<STYL MOJI_YELLOW_DEFAULT>3</STYL>]"
"JU_M010_NAME";"Stream Jewel+ 4 [<STYL MOJI_YELLOW_DEFAULT>3</STYL>]"
"JU_M038_NAME";"Hard Meowster Jewel 4 [<STYL MOJI_YELLOW_DEFAULT>2</STYL>]"
"JU_M086_NAME";"Slider/Physique Jewel 4 [<STYL MOJI_YELLOW_DEFAULT>5</STYL>]"
"JU_M101_NAME";"Gobbler/Evasion Jewel 4 [<STYL MOJI_YELLOW_DEFAULT>5</STYL>]"
"JU_M171_NAME";"Resistor/Handicraft Jewel 4 [<STYL MOJI_YELLOW_DEFAULT>5</STYL>]"
"JU_BAKUHAATK_NAME";"Blast Jewel 1 [<STYL MOJI_YELLOW_DEFAULT>4</STYL>]"
"JU_M158_NAME";"Gobbler/Release Jewel 4 [<STYL MOJI_YELLOW_DEFAULT>3</STYL>]"
"JU_KOURIZOKU_NAME";"Frost Jewel 1 [<STYL MOJI_YELLOW_DEFAULT>6</STYL>]"
"JU_M234_NAME";"Furor/Vitality Jewel 4 [<STYL MOJI_YELLOW_DEFAULT>5</STYL>]"
"JU_TAIZOKU_NAME";"Resistor Jewel 1 [<STYL MOJI_YELLOW_DEFAULT>3</STYL>]"
"JU_BATTOU_NAME";"Draw Jewel 2 [<STYL MOJI_YELLOW_DEFAULT>3</STYL>]"
"JU_M048_NAME";"Hard Geology Jewel 4 [<STYL MOJI_YELLOW_DEFAULT>1</STYL>]"
"JU_M103_NAME";"Bomber/Evasion Jewel 4 [<STYL MOJI_YELLOW_DEFAULT>5</STYL>]"
"JU_M148_NAME";"Ironwall/Release Jewel 4 [<STYL MOJI_YELLOW_DEFAULT>5</STYL>]"
"JU_SANDAN_NAME";"Spread Jewel 3 [<STYL MOJI_YELLOW_DEFAULT>2</STYL>]"
"JU_M096_NAME";"Flight/Evasion Jewel 4 [<STYL MOJI_YELLOW_DEFAULT>5</STYL>]"
"JU_M081_NAME";"Sheath/Physique Jewel 4 [<STYL MOJI_YELLOW_DEFAULT>5</STYL>]"
"JU_M118_NAME";"Jumping/Attack Jewel 4 [<STYL MOJI_YELLOW_DEFAULT>7</STYL>]"
"JU_M264_NAME";"Charger/Physique Jewel 4 [<STYL MOJI_YELLOW_DEFAULT>5</STYL>]"
"JU_M279_NAME";"Critical/Physique Jewel 4 [<STYL MOJI_YELLOW_DEFAULT>5</STYL>]"
"JU_SEIBI_NAME";"Maintenance Jewel 1 [<STYL MOJI_YELLOW_DEFAULT>5</STYL>]"
"JU_M194_NAME";"Furor/Protection Jewel 4 [<STYL MOJI_YELLOW_DEFAULT>5</STYL>]"
"JU_M033_NAME";"Tip Toe Jewel+ 4 [<STYL MOJI_YELLOW_DEFAULT>2</STYL>]"
"JU_M146_NAME";"Fortitude/Release Jewel 4 [<STYL MOJI_YELLOW_DEFAULT>3</STYL>]"
"JU_M201_NAME";"Handicraft/Protection Jewel 4 [<STYL MOJI_YELLOW_DEFAULT>5</STYL>]"
"JU_M236_NAME";"Brace/Vitality Jewel 4 [<STYL MOJI_YELLOW_DEFAULT>3</STYL>]"
"JU_KO_NAME";"KO Jewel 2 [<STYL MOJI_YELLOW_DEFAULT>5</STYL>]"
"JU_M151_NAME";"Stonethrower/Release Jewel 4 [<STYL MOJI_YELLOW_DEFAULT>5</STYL>]"
"JU_M063_NAME";"Potential Jewel+ 4 [<STYL MOJI_YELLOW_DEFAULT>4</STYL>]"
"JU_M121_NAME";"Grinder/Attack Jewel 4 [<STYL MOJI_YELLOW_DEFAULT>7</STYL>]"
"JU_SUIMINATK_NAME";"Sleep Jewel 1 [<STYL MOJI_YELLOW_DEFAULT>4</STYL>]"
"JU_KYOUDAN_NAME";"Forceshot Jewel 3 [<STYL MOJI_YELLOW_DEFAULT>2</STYL>]"
"JU_M282_NAME";"Release/Physique Jewel 4 [<STYL MOJI_YELLOW_DEFAULT>5</STYL>]"
"JU_M206_NAME";"Destroyer/Medicine Jewel 4 [<STYL MOJI_YELLOW_DEFAULT>3</STYL>]"
"JU_M068_NAME";"Friendship Jewel+ 4 [<STYL MOJI_YELLOW_DEFAULT>3</STYL>]"
"JU_M131_NAME";"Satiated/Expert Jewel 4 [<STYL MOJI_YELLOW_DEFAULT>7</STYL>]"
"JU_M176_NAME";"Sheath/Handicraft Jewel 4 [<STYL MOJI_YELLOW_DEFAULT>5</STYL>]"
"JU_HIEN_NAME";"Flight Jewel 2 [<STYL MOJI_YELLOW_DEFAULT>1</STYL>]"
"JU_KAISOKU_NAME";"Recovery Jewel 1 [<STYL MOJI_YELLOW_DEFAULT>3</STYL>]"
"JU_M254_NAME";"Furor/Maintenance Jewel 4 [<STYL MOJI_YELLOW_DEFAULT>5</STYL>]"
"JU_TIGAKU_NAME";"Geology Jewel 1 [<STYL MOJI_YELLOW_DEFAULT>3</STYL>]"
"JU_M015_NAME";"Paralyzer Jewel+ 4 [<STYL MOJI_YELLOW_DEFAULT>2</STYL>]"
"JU_M292_NAME";"Challenger/Evasion Jewel 4 [<STYL MOJI_YELLOW_DEFAULT>7</STYL>]"
"JU_KIZETSU_NAME";"Steadfast Jewel 1 [<STYL MOJI_YELLOW_DEFAULT>3</STYL>]"
"JU_KYUUTI_NAME";"Crisis Jewel 1 [<STYL MOJI_YELLOW_DEFAULT>1</STYL>]"
"JU_SUIMIN_NAME";"Pep Jewel 1 [<STYL MOJI_YELLOW_DEFAULT>3</STYL>]"
"JU_M053_NAME";"Hard Enduring Jewel 4 [<STYL MOJI_YELLOW_DEFAULT>1</STYL>]"
"JU_ITEMSAVE_NAME";"Satiated Jewel 1 [<STYL MOJI_YELLOW_DEFAULT>3</STYL>]"
"JU_KOUYOU_NAME";"Enhancer Jewel 2 [<STYL MOJI_YELLOW_DEFAULT>3</STYL>]"
"JU_TOISHI_NAME";"Grinder Jewel 1 [<STYL MOJI_YELLOW_DEFAULT>3</STYL>]"
"JU_RESSYOU_NAME";"Suture Jewel 1 [<STYL MOJI_YELLOW_DEFAULT>3</STYL>]"
"JU_KONSHIN_NAME";"Mighty Jewel 2 [<STYL MOJI_YELLOW_DEFAULT>5</STYL>]"
"JU_OTOMOUP_NAME";"Meowster Jewel 1 [<STYL MOJI_YELLOW_DEFAULT>5</STYL>]"
"JU_M289_NAME";"Wind Resist/Evasion Jewel 4 [<STYL MOJI_YELLOW_DEFAULT>5</STYL>]"
"JU_M091_NAME";"Ironwall/Evasion Jewel 4 [<STYL MOJI_YELLOW_DEFAULT>5</STYL>]"
"JU_M141_NAME";"Bomber/Expert Jewel 4 [<STYL MOJI_YELLOW_DEFAULT>7</STYL>]"
"JU_M078_NAME";"Sprinter/Physique Jewel 4 [<STYL MOJI_YELLOW_DEFAULT>5</STYL>]"
"JU_M128_NAME";"Crisis/Expert Jewel 4 [<STYL MOJI_YELLOW_DEFAULT>7</STYL>]"
"JU_M043_NAME";"Survival Jewel+ 4 [<STYL MOJI_YELLOW_DEFAULT>2</STYL>]"
"JU_M166_NAME";"Crisis/Handicraft Jewel 4 [<STYL MOJI_YELLOW_DEFAULT>5</STYL>]"
"JU_M216_NAME";"Brace/Medicine Jewel 4 [<STYL MOJI_YELLOW_DEFAULT>3</STYL>]"
"JU_M005_NAME";"Water Res Jewel+ 4 [<STYL MOJI_YELLOW_DEFAULT>2</STYL>]"
"JU_M273_NAME";"Flawless/Physique Jewel 4 [<STYL MOJI_YELLOW_DEFAULT>5</STYL>]"
"JU_M109_NAME";"Crisis/Attack Jewel 4 [<STYL MOJI_YELLOW_DEFAULT>7</STYL>]"
"JU_M172_NAME";"Flight/Handicraft Jewel 4 [<STYL MOJI_YELLOW_DEFAULT>5</STYL>]"
"JU_M042_NAME";"Geology Jewel+ 4 [<STYL MOJI_YELLOW_DEFAULT>2</STYL>]"
"JU_JIZOKU_NAME";"Enduring Jewel 1 [<STYL MOJI_YELLOW_DEFAULT>3</STYL>]"
"JU_M211_NAME";"Throttle/Medicine Jewel 4 [<STYL MOJI_YELLOW_DEFAULT>7</STYL>]"
"JU_M256_NAME";"Brace/Maintenance Jewel 4 [<STYL MOJI_YELLOW_DEFAULT>5</STYL>]"
"JU_M087_NAME";"Guardian/Physique Jewel 4 [<STYL MOJI_YELLOW_DEFAULT>5</STYL>]"
"JU_M126_NAME";"Drain/Expert Jewel 4 [<STYL MOJI_YELLOW_DEFAULT>7</STYL>]"
"JU_KYOHEKI_NAME";"Shield Jewel 2 [<STYL MOJI_YELLOW_DEFAULT>1</STYL>]"
"JU_M058_NAME";"Attack Jewel+ 4 [<STYL MOJI_YELLOW_DEFAULT>4</STYL>]"
"JU_RAIZOKU_NAME";"Bolt Jewel 1 [<STYL MOJI_YELLOW_DEFAULT>6</STYL>]"
"JU_M110_NAME";"Ironwall/Attack Jewel 4 [<STYL MOJI_YELLOW_DEFAULT>7</STYL>]"
"JU_SINGAN_NAME";"Mind's Eye Jewel 2 [<STYL MOJI_YELLOW_DEFAULT>1</STYL>]"
"JU_M138_NAME";"Sheath/Expert Jewel 4 [<STYL MOJI_YELLOW_DEFAULT>7</STYL>]"
"JU_M244_NAME";"Charger/Maintenance Jewel 4 [<STYL MOJI_YELLOW_DEFAULT>5</STYL>]"
"JU_M030_NAME";"Miasma Jewel+ 4 [<STYL MOJI_YELLOW_DEFAULT>2</STYL>]"
"JU_BOUGYO_NAME";"Defense Jewel 1 [<STYL MOJI_YELLOW_DEFAULT>7</STYL>]"
"JU_M025_NAME";"Pep Jewel+ 4 [<STYL MOJI_YELLOW_DEFAULT>2</STYL>]"
"JU_M143_NAME";"Slider/Expert Jewel 4 [<STYL MOJI_YELLOW_DEFAULT>7</STYL>]"
"JU_M239_NAME";"Critical/Vitality Jewel 4 [<STYL MOJI_YELLOW_DEFAULT>3</STYL>]"
"JU_M071_NAME";"Crisis/Physique Jewel 4 [<STYL MOJI_YELLOW_DEFAULT>5</STYL>]"
"JU_M285_NAME";"Enhancer/Evasion Jewel 4 [<STYL MOJI_YELLOW_DEFAULT>5</STYL>]"
"JU_KIRYOKU_NAME";"Refresh Jewel 2 [<STYL MOJI_YELLOW_DEFAULT>3</STYL>]"
"JU_M290_NAME";"Draw/Evasion Jewel 4 [<STYL MOJI_YELLOW_DEFAULT>5</STYL>]"
"JU_M184_NAME";"Charger/Protection Jewel 4 [<STYL MOJI_YELLOW_DEFAULT>5</STYL>]"
"JU_TAISHIN_NAME";"Footing Jewel 2 [<STYL MOJI_YELLOW_DEFAULT>3</STYL>]"
"JU_M054_NAME";"Hard Defense Jewel 4 [<STYL MOJI_YELLOW_DEFAULT>3</STYL>]"
"JU_M114_NAME";"Resistor/Attack Jewel 4 [<STYL MOJI_YELLOW_DEFAULT>7</STYL>]"
"JU_M001_NAME";"Phoenix Jewel 3 [<STYL MOJI_YELLOW_DEFAULT>3</STYL>]"
"JU_M099_NAME";"Jumping/Evasion Jewel 4 [<STYL MOJI_YELLOW_DEFAULT>5</STYL>]"
"JU_MIZU_NAME";"Water Res Jewel 1 [<STYL MOJI_YELLOW_DEFAULT>3</STYL>]"
"JU_GUARDSEI_NAME";"Ironwall Jewel 1 [<STYL MOJI_YELLOW_DEFAULT>5</STYL>]"
"JU_MUSHIUTI_NAME";"Specimen Jewel 1 [<STYL MOJI_YELLOW_DEFAULT>3</STYL>]"
"JU_MIKIRI_NAME";"Expert Jewel 1 [<STYL MOJI_YELLOW_DEFAULT>7</STYL>]"
"JU_M167_NAME";"Ironwall/Handicraft Jewel 4 [<STYL MOJI_YELLOW_DEFAULT>5</STYL>]"
"JU_M092_NAME";"Friendship/Evasion Jewel 4 [<STYL MOJI_YELLOW_DEFAULT>5</STYL>]"
"JU_M215_NAME";"Mighty/Medicine Jewel 4 [<STYL MOJI_YELLOW_DEFAULT>5</STYL>]"
"JU_M268_NAME";"Potential/Physique Jewel 4 [<STYL MOJI_YELLOW_DEFAULT>7</STYL>]"
"JU_GENKIAT_NAME";"Drain Jewel 1 [<STYL MOJI_YELLOW_DEFAULT>5</STYL>]"
"JU_SOUTENUP_NAME";"Magazine Jewel 2 [<STYL MOJI_YELLOW_DEFAULT>1</STYL>]"
"JU_M029_NAME";"Def Lock Jewel+ 4 [<STYL MOJI_YELLOW_DEFAULT>2</STYL>]"
"JU_M300_NAME";"Tenderizer/Evasion Jewel 4 [<STYL MOJI_YELLOW_DEFAULT>5</STYL>]"
"JU_BAKUHABIN_NAME";"Blastcoat Jewel 3 [<STYL MOJI_YELLOW_DEFAULT>1</STYL>]"
"JU_M155_NAME";"Refresh/Release Jewel 4 [<STYL MOJI_YELLOW_DEFAULT>3</STYL>]"
"JU_M083_NAME";"Grinder/Physique Jewel 4 [<STYL MOJI_YELLOW_DEFAULT>5</STYL>]"
"JU_M297_NAME";"Phoenix/Evasion Jewel 4 [<STYL MOJI_YELLOW_DEFAULT>5</STYL>]"
"JU_ENHUKU_NAME";"Smoke Jewel 1 [<STYL MOJI_YELLOW_DEFAULT>3</STYL>]"
"JU_KOUIKI_NAME";"Friendship Jewel 1 [<STYL MOJI_YELLOW_DEFAULT>5</STYL>]"
"JU_M080_NAME";"Jumping/Physique Jewel 4 [<STYL MOJI_YELLOW_DEFAULT>5</STYL>]"
"JU_M227_NAME";"KO/Vitality Jewel 4 [<STYL MOJI_YELLOW_DEFAULT>5</STYL>]"
"JU_TOKUSYA_NAME";"Trueshot Jewel 1 [<STYL MOJI_YELLOW_DEFAULT>2</STYL>]"
"JU_M294_NAME";"Furor/Evasion Jewel 4 [<STYL MOJI_YELLOW_DEFAULT>5</STYL>]"
"JU_M240_NAME";"Tenderizer/Vitality Jewel 4 [<STYL MOJI_YELLOW_DEFAULT>3</STYL>]"
"JU_M196_NAME";"Brace/Protection Jewel 4 [<STYL MOJI_YELLOW_DEFAULT>5</STYL>]"
"JU_M193_NAME";"Flawless/Protection Jewel 4 [<STYL MOJI_YELLOW_DEFAULT>5</STYL>]"
"JU_M013_NAME";"Dragon Jewel+ 4 [<STYL MOJI_YELLOW_DEFAULT>3</STYL>]"
"JU_M248_NAME";"Potential/Maintenance Jewel 4 [<STYL MOJI_YELLOW_DEFAULT>7</STYL>]"
"JU_SYOKUGAKU_NAME";"Botany Jewel 1 [<STYL MOJI_YELLOW_DEFAULT>4</STYL>]"
"JU_M134_NAME";"Flight/Expert Jewel 4 [<STYL MOJI_YELLOW_DEFAULT>7</STYL>]"
"JU_M179_NAME";"Bomber/Handicraft Jewel 4 [<STYL MOJI_YELLOW_DEFAULT>5</STYL>]"
"JU_M203_NAME";"Footing/Medicine Jewel 4 [<STYL MOJI_YELLOW_DEFAULT>3</STYL>]"
"JU_M051_NAME";"Enduring Jewel+ 4 [<STYL MOJI_YELLOW_DEFAULT>2</STYL>]"
"JU_M181_NAME";"Slider/Handicraft Jewel 4 [<STYL MOJI_YELLOW_DEFAULT>5</STYL>]"
"JU_M281_NAME";"Handicraft/Physique Jewel 4 [<STYL MOJI_YELLOW_DEFAULT>5</STYL>]"
"JU_M017_NAME";"Blast Jewel+ 4 [<STYL MOJI_YELLOW_DEFAULT>2</STYL>]"
"JU_KOUGEKI_NAME";"Attack Jewel 1 [<STYL MOJI_YELLOW_DEFAULT>7</STYL>]"
"JU_M164_NAME";"Drain/Handicraft Jewel 4 [<STYL MOJI_YELLOW_DEFAULT>5</STYL>]"
"JU_M218_NAME";"Earplug/Medicine Jewel 4 [<STYL MOJI_YELLOW_DEFAULT>5</STYL>]"
"JU_M050_NAME";"Hard Specimen Jewel 4 [<STYL MOJI_YELLOW_DEFAULT>1</STYL>]"
"JU_M095_NAME";"Resistor/Evasion Jewel 4 [<STYL MOJI_YELLOW_DEFAULT>5</STYL>]"
"JU_HIZOKU_NAME";"Blaze Jewel 1 [<STYL MOJI_YELLOW_DEFAULT>6</STYL>]"
"JU_M197_NAME";"Phoenix/Protection Jewel 4 [<STYL MOJI_YELLOW_DEFAULT>5</STYL>]"
"JU_M252_NAME";"Challenger/Maintenance Jewel 4 [<STYL MOJI_YELLOW_DEFAULT>7</STYL>]"
"JU_M135_NAME";"Sprinter/Expert Jewel 4 [<STYL MOJI_YELLOW_DEFAULT>7</STYL>]"
"JU_M247_NAME";"KO/Maintenance Jewel 4 [<STYL MOJI_YELLOW_DEFAULT>5</STYL>]"
"JU_M105_NAME";"Slider/Evasion Jewel 4 [<STYL MOJI_YELLOW_DEFAULT>5</STYL>]"
"JU_M277_NAME";"Phoenix/Physique Jewel 4 [<STYL MOJI_YELLOW_DEFAULT>5</STYL>]"
"JU_M066_NAME";"Evasion Jewel+ 4 [<STYL MOJI_YELLOW_DEFAULT>3</STYL>]"
"JU_M037_NAME";"Hard Intimidator Jewel 4 [<STYL MOJI_YELLOW_DEFAULT>1</STYL>]"
"JU_M270_NAME";"Draw/Physique Jewel 4 [<STYL MOJI_YELLOW_DEFAULT>5</STYL>]"
"JU_M106_NAME";"Guardian/Evasion Jewel 4 [<STYL MOJI_YELLOW_DEFAULT>5</STYL>]"
"JU_M084_NAME";"Bomber/Physique Jewel 4 [<STYL MOJI_YELLOW_DEFAULT>5</STYL>]"
"JU_M276_NAME";"Brace/Physique Jewel 4 [<STYL MOJI_YELLOW_DEFAULT>5</STYL>]"
"JU_M159_NAME";"Grinder/Release Jewel 4 [<STYL MOJI_YELLOW_DEFAULT>3</STYL>]"
"JU_M223_NAME";"Footing/Vitality Jewel 4 [<STYL MOJI_YELLOW_DEFAULT>3</STYL>]"
"JU_M261_NAME";"Handicraft/Maintenance Jewel 4 [<STYL MOJI_YELLOW_DEFAULT>5</STYL>]"
"JU_HARAHERI_NAME";"Hungerless Jewel 1 [<STYL MOJI_YELLOW_DEFAULT>3</STYL>]"
"JU_M192_NAME";"Challenger/Protection Jewel 4 [<STYL MOJI_YELLOW_DEFAULT>7</STYL>]"
"JU_M219_NAME";"Critical/Medicine Jewel 4 [<STYL MOJI_YELLOW_DEFAULT>3</STYL>]"
"JU_GOUZIN_NAME";"Sharp Jewel 2 [<STYL MOJI_YELLOW_DEFAULT>1</STYL>]"
"JU_NUMAWATARI_NAME";"Mirewalker Jewel 1 [<STYL MOJI_YELLOW_DEFAULT>3</STYL>]"
"JU_M307_NAME";"Acrobat Jewel 3 [<STYL MOJI_YELLOW_DEFAULT>1</STYL>]"
"JU_M075_NAME";"Stonethrower/Physique Jewel 4 [<STYL MOJI_YELLOW_DEFAULT>5</STYL>]"
"JU_M286_NAME";"Destroyer/Evasion Jewel 4 [<STYL MOJI_YELLOW_DEFAULT>5</STYL>]"
"JU_M046_NAME";"Sonorous Jewel+ 4 [<STYL MOJI_YELLOW_DEFAULT>1</STYL>]"
"JU_M188_NAME";"Potential/Protection Jewel 4 [<STYL MOJI_YELLOW_DEFAULT>7</STYL>]"
"JU_M021_NAME";"Hard Thunder Res Jewel 4 [<STYL MOJI_YELLOW_DEFAULT>1</STYL>]"
"JU_RYUUZOKU_NAME";"Dragon Jewel 1 [<STYL MOJI_YELLOW_DEFAULT>6</STYL>]"
"JU_M008_NAME";"Dragon Res Jewel+ 4 [<STYL MOJI_YELLOW_DEFAULT>2</STYL>]"
"JU_M163_NAME";"Guardian/Release Jewel 4 [<STYL MOJI_YELLOW_DEFAULT>3</STYL>]"
"JU_M232_NAME";"Challenger/Vitality Jewel 4 [<STYL MOJI_YELLOW_DEFAULT>7</STYL>]"
"JU_MAHI_NAME";"Antipara Jewel 1 [<STYL MOJI_YELLOW_DEFAULT>3</STYL>]"
"JU_BOUDOWN_NAME";"Def Lock Jewel 1 [<STYL MOJI_YELLOW_DEFAULT>3</STYL>]"
"JU_M173_NAME";"Sprinter/Handicraft Jewel 4 [<STYL MOJI_YELLOW_DEFAULT>5</STYL>]"
"JU_M209_NAME";"Wind Resist/Medicine Jewel 4 [<STYL MOJI_YELLOW_DEFAULT>5</STYL>]"
"JU_M012_NAME";"Bolt Jewel+ 4 [<STYL MOJI_YELLOW_DEFAULT>3</STYL>]"
"JU_M057_NAME";"Wind Resist Jewel+ 4 [<STYL MOJI_YELLOW_DEFAULT>3</STYL>]"
"JU_M009_NAME";"Blaze Jewel+ 4 [<STYL MOJI_YELLOW_DEFAULT>3</STYL>]"
"JU_M212_NAME";"Challenger/Medicine Jewel 4 [<STYL MOJI_YELLOW_DEFAULT>7</STYL>]"
"JU_M125_NAME";"Guardian/Attack Jewel 4 [<STYL MOJI_YELLOW_DEFAULT>7</STYL>]"
"JU_M257_NAME";"Phoenix/Maintenance Jewel 4 [<STYL MOJI_YELLOW_DEFAULT>5</STYL>]"
"JU_JUUGEKI_NAME";"Destroyer Jewel 2 [<STYL MOJI_YELLOW_DEFAULT>3</STYL>]"
"JU_M072_NAME";"Ironwall/Physique Jewel 4 [<STYL MOJI_YELLOW_DEFAULT>5</STYL>]"
"JU_M142_NAME";"Fungiform/Expert Jewel 4 [<STYL MOJI_YELLOW_DEFAULT>7</STYL>]"
"JU_KAMINARI_NAME";"Thunder Res Jewel 1 [<STYL MOJI_YELLOW_DEFAULT>3</STYL>]"
"JU_M026_NAME";"Steadfast Jewel+ 4 [<STYL MOJI_YELLOW_DEFAULT>2</STYL>]"
"JU_M187_NAME";"KO/Protection Jewel 4 [<STYL MOJI_YELLOW_DEFAULT>5</STYL>]"
"JU_HI_NAME";"Fire Res Jewel 1 [<STYL MOJI_YELLOW_DEFAULT>3</STYL>]"
"JU_MIMISEN_NAME";"Earplug Jewel 3 [<STYL MOJI_YELLOW_DEFAULT>5</STYL>]"
"JU_M255_NAME";"Mighty/Maintenance Jewel 4 [<STYL MOJI_YELLOW_DEFAULT>5</STYL>]"
"JU_M260_NAME";"Tenderizer/Maintenance Jewel 4 [<STYL MOJI_YELLOW_DEFAULT>5</STYL>]"
"JU_M127_NAME";"Fortitude/Expert Jewel 4 [<STYL MOJI_YELLOW_DEFAULT>7</STYL>]"
"JU_M060_NAME";"Handicraft Jewel+ 4 [<STYL MOJI_YELLOW_DEFAULT>3</STYL>]"
"JU_TYOUSEN_NAME";"Challenger Jewel 2 [<STYL MOJI_YELLOW_DEFAULT>7</STYL>]"
"JU_TAIJYUTSU_NAME";"Physique Jewel 2 [<STYL MOJI_YELLOW_DEFAULT>5</STYL>]"
"JU_M175_NAME";"Jumping/Handicraft Jewel 4 [<STYL MOJI_YELLOW_DEFAULT>5</STYL>]"
"JU_M140_NAME";"Grinder/Expert Jewel 4 [<STYL MOJI_YELLOW_DEFAULT>7</STYL>]"
"JU_M288_NAME";"Potential/Evasion Jewel 4 [<STYL MOJI_YELLOW_DEFAULT>7</STYL>]"
"JU_FULPOWER_NAME";"Flawless Jewel 2 [<STYL MOJI_YELLOW_DEFAULT>3</STYL>]"
"JU_M069_NAME";"Drain/Physique Jewel 4 [<STYL MOJI_YELLOW_DEFAULT>5</STYL>]"
"JU_M308_NAME";"Shaver Jewel 3 [<STYL MOJI_YELLOW_DEFAULT>1</STYL>]"
"JU_M074_NAME";"Satiated/Physique Jewel 4 [<STYL MOJI_YELLOW_DEFAULT>5</STYL>]"
"JU_TYOKAISIN_NAME";"Critical Jewel 2 [<STYL MOJI_YELLOW_DEFAULT>3</STYL>]"
"JU_FUE_NAME";"Sonorous Jewel 1 [<STYL MOJI_YELLOW_DEFAULT>2</STYL>]"
"JU_M070_NAME";"Fortitude/Physique Jewel 4 [<STYL MOJI_YELLOW_DEFAULT>5</STYL>]"
"JU_M067_NAME";"Ironwall Jewel+ 4 [<STYL MOJI_YELLOW_DEFAULT>3</STYL>]"
"JU_DOKUBIN_NAME";"Poisoncoat Jewel 3 [<STYL MOJI_YELLOW_DEFAULT>1</STYL>]"
"JU_M022_NAME";"Hard Dragon Res Jewel 4 [<STYL MOJI_YELLOW_DEFAULT>1</STYL>]"
"JU_MUGEKI_NAME";"Elementless Jewel 2 [<STYL MOJI_YELLOW_DEFAULT>1</STYL>]"
"JU_M253_NAME";"Flawless/Maintenance Jewel 4 [<STYL MOJI_YELLOW_DEFAULT>5</STYL>]"
"JU_M129_NAME";"Ironwall/Expert Jewel 4 [<STYL MOJI_YELLOW_DEFAULT>7</STYL>]"
"JU_M016_NAME";"Sleep Jewel+ 4 [<STYL MOJI_YELLOW_DEFAULT>2</STYL>]"
"JU_M152_NAME";"Resistor/Release Jewel 4 [<STYL MOJI_YELLOW_DEFAULT>3</STYL>]"
"JU_INZYA_NAME";"Tip Toe Jewel 1 [<STYL MOJI_YELLOW_DEFAULT>3</STYL>]"
"JU_M291_NAME";"Throttle/Evasion Jewel 4 [<STYL MOJI_YELLOW_DEFAULT>7</STYL>]"
"JU_M019_NAME";"Hard Water Res Jewel 4 [<STYL MOJI_YELLOW_DEFAULT>1</STYL>]"
"JU_M130_NAME";"Friendship/Expert Jewel 4 [<STYL MOJI_YELLOW_DEFAULT>7</STYL>]"
"JU_TIYU_NAME";"Medicine Jewel 1 [<STYL MOJI_YELLOW_DEFAULT>3</STYL>]"
"JU_M278_NAME";"Earplug/Physique Jewel 4 [<STYL MOJI_YELLOW_DEFAULT>5</STYL>]"
"JU_KANTUU_NAME";"Pierce Jewel 3 [<STYL MOJI_YELLOW_DEFAULT>2</STYL>]"
"JU_M139_NAME";"Gobbler/Expert Jewel 4 [<STYL MOJI_YELLOW_DEFAULT>7</STYL>]"
"JU_M243_NAME";"Footing/Maintenance Jewel 4 [<STYL MOJI_YELLOW_DEFAULT>5</STYL>]"
"JU_M202_NAME";"Release/Protection Jewel 4 [<STYL MOJI_YELLOW_DEFAULT>5</STYL>]"
"JU_M205_NAME";"Enhancer/Medicine Jewel 4 [<STYL MOJI_YELLOW_DEFAULT>3</STYL>]"
"JU_M177_NAME";"Gobbler/Handicraft Jewel 4 [<STYL MOJI_YELLOW_DEFAULT>5</STYL>]"
"JU_M190_NAME";"Draw/Protection Jewel 4 [<STYL MOJI_YELLOW_DEFAULT>5</STYL>]"
"JU_TOUSEKI_NAME";"Stonethrower Jewel 1 [<STYL MOJI_YELLOW_DEFAULT>5</STYL>]"
"JU_M303_NAME";"Survival Jewel 1 [<STYL MOJI_YELLOW_DEFAULT>3</STYL>]"
"JU_M034_NAME";"Intimidator Jewel+ 4 [<STYL MOJI_YELLOW_DEFAULT>2</STYL>]"
"JU_KAIHIKYORI_NAME";"Jumping Jewel 2 [<STYL MOJI_YELLOW_DEFAULT>3</STYL>]"
"JU_M079_NAME";"Refresh/Physique Jewel 4 [<STYL MOJI_YELLOW_DEFAULT>5</STYL>]"
"JU_KYUUKAKU_NAME";"Scent Jewel 1 [<STYL MOJI_YELLOW_DEFAULT>1</STYL>]"
"JU_M117_NAME";"Refresh/Attack Jewel 4 [<STYL MOJI_YELLOW_DEFAULT>7</STYL>]"
"JU_M265_NAME";"Enhancer/Physique Jewel 4 [<STYL MOJI_YELLOW_DEFAULT>5</STYL>]"
"JU_M165_NAME";"Fortitude/Handicraft Jewel 4 [<STYL MOJI_YELLOW_DEFAULT>5</STYL>]"
"JU_M220_NAME";"Tenderizer/Medicine Jewel 4 [<STYL MOJI_YELLOW_DEFAULT>3</STYL>]"
"JU_M217_NAME";"Phoenix/Medicine Jewel 4 [<STYL MOJI_YELLOW_DEFAULT>3</STYL>]"
"JU_M004_NAME";"Fire Res Jewel+ 4 [<STYL MOJI_YELLOW_DEFAULT>2</STYL>]"
"JU_M049_NAME";"Hard Survival Jewel 4 [<STYL MOJI_YELLOW_DEFAULT>1</STYL>]"
"JU_M104_NAME";"Fungiform/Evasion Jewel 4 [<STYL MOJI_YELLOW_DEFAULT>5</STYL>]"
"JU_M195_NAME";"Mighty/Protection Jewel 4 [<STYL MOJI_YELLOW_DEFAULT>5</STYL>]"
"JU_M150_NAME";"Satiated/Release Jewel 4 [<STYL MOJI_YELLOW_DEFAULT>3</STYL>]"
"JU_M052_NAME";"Defense Jewel+ 4 [<STYL MOJI_YELLOW_DEFAULT>4</STYL>]"
"JU_M102_NAME";"Grinder/Evasion Jewel 4 [<STYL MOJI_YELLOW_DEFAULT>5</STYL>]"
"JU_M263_NAME";"Footing/Physique Jewel 4 [<STYL MOJI_YELLOW_DEFAULT>5</STYL>]"
"JU_M119_NAME";"Sheath/Attack Jewel 4 [<STYL MOJI_YELLOW_DEFAULT>7</STYL>]"
"JU_M180_NAME";"Fungiform/Handicraft Jewel 4 [<STYL MOJI_YELLOW_DEFAULT>5</STYL>]"
"JU_TANSYUKU_NAME";"Charger Jewel 2 [<STYL MOJI_YELLOW_DEFAULT>3</STYL>]"
"JU_TAIRYOKU_NAME";"Vitality Jewel 1 [<STYL MOJI_YELLOW_DEFAULT>3</STYL>]"
"JU_KAGO_NAME";"Protection Jewel 1 [<STYL MOJI_YELLOW_DEFAULT>5</STYL>]"
"JU_M293_NAME";"Flawless/Evasion Jewel 4 [<STYL MOJI_YELLOW_DEFAULT>5</STYL>]"
"JU_M077_NAME";"Flight/Physique Jewel 4 [<STYL MOJI_YELLOW_DEFAULT>5</STYL>]"
"JU_M132_NAME";"Stonethrower/Expert Jewel 4 [<STYL MOJI_YELLOW_DEFAULT>7</STYL>]"
"JU_M305_NAME";"Warming Jewel 2 [<STYL MOJI_YELLOW_DEFAULT>1</STYL>]"
"JU_M082_NAME";"Gobbler/Physique Jewel 4 [<STYL MOJI_YELLOW_DEFAULT>5</STYL>]"
"JU_M059_NAME";"Expert Jewel+ 4 [<STYL MOJI_YELLOW_DEFAULT>4</STYL>]"
"JU_SUIMINBIN_NAME";"Sleepcoat Jewel 3 [<STYL MOJI_YELLOW_DEFAULT>1</STYL>]"
"JU_GYAKKYOU_NAME";"Fortitude Jewel 1 [<STYL MOJI_YELLOW_DEFAULT>1</STYL>]"
"JU_BAKUSHI_NAME";"Bomber Jewel 1 [<STYL MOJI_YELLOW_DEFAULT>5</STYL>]"
"JU_M062_NAME";"Challenger Jewel+ 4 [<STYL MOJI_YELLOW_DEFAULT>4</STYL>]"
"JU_M170_NAME";"Stonethrower/Handicraft Jewel 4 [<STYL MOJI_YELLOW_DEFAULT>5</STYL>]"
"JU_M122_NAME";"Bomber/Attack Jewel 4 [<STYL MOJI_YELLOW_DEFAULT>7</STYL>]"
"JU_M014_NAME";"Venom Jewel+ 4 [<STYL MOJI_YELLOW_DEFAULT>2</STYL>]"
"JU_M207_NAME";"KO/Medicine Jewel 4 [<STYL MOJI_YELLOW_DEFAULT>5</STYL>]"
"JU_M200_NAME";"Tenderizer/Protection Jewel 4 [<STYL MOJI_YELLOW_DEFAULT>5</STYL>]"
"JU_M137_NAME";"Jumping/Expert Jewel 4 [<STYL MOJI_YELLOW_DEFAULT>7</STYL>]"
"JU_M245_NAME";"Enhancer/Maintenance Jewel 4 [<STYL MOJI_YELLOW_DEFAULT>5</STYL>]"
"JU_M298_NAME";"Earplug/Evasion Jewel 4 [<STYL MOJI_YELLOW_DEFAULT>5</STYL>]"
"JU_M097_NAME";"Sprinter/Evasion Jewel 4 [<STYL MOJI_YELLOW_DEFAULT>5</STYL>]"
"JU_M210_NAME";"Draw/Medicine Jewel 4 [<STYL MOJI_YELLOW_DEFAULT>3</STYL>]"
"JU_HOUSYU_NAME";"Heavy Artillery Jewel 1 [<STYL MOJI_YELLOW_DEFAULT>2</STYL>]"
"JU_M235_NAME";"Mighty/Vitality Jewel 4 [<STYL MOJI_YELLOW_DEFAULT>5</STYL>]"
"JU_M160_NAME";"Bomber/Release Jewel 4 [<STYL MOJI_YELLOW_DEFAULT>5</STYL>]"
"JU_M283_NAME";"Footing/Evasion Jewel 4 [<STYL MOJI_YELLOW_DEFAULT>5</STYL>]"
"JU_M185_NAME";"Enhancer/Protection Jewel 4 [<STYL MOJI_YELLOW_DEFAULT>5</STYL>]"
"JU_M147_NAME";"Crisis/Release Jewel 4 [<STYL MOJI_YELLOW_DEFAULT>3</STYL>]"
"JU_M024_NAME";"Antipara Jewel+ 4 [<STYL MOJI_YELLOW_DEFAULT>2</STYL>]"
