"JU_M287_NAME";"Joyau cogneur/invulnérabilité <STYL MOJI_YELLOW_DEFAULT>[4]</STYL> [<STYL MOJI_YELLOW_DEFAULT>5</STYL>]"
"JU_M073_NAME";"Joyau mousquetaire/athlète <STYL MOJI_YELLOW_DEFAULT>[4]</STYL> [<STYL MOJI_YELLOW_DEFAULT>5</STYL>]"
"JU_M112_NAME";"Joyau parasite/attaque <STYL MOJI_YELLOW_DEFAULT>[4]</STYL> [<STYL MOJI_YELLOW_DEFAULT>3</STYL>]"
"JU_M157_NAME";"Joyau rengainage/tireur <STYL MOJI_YELLOW_DEFAULT>[4]</STYL> [<STYL MOJI_YELLOW_DEFAULT>3</STYL>]"
"JU_M225_NAME";"Joyau puissance/vitalité <STYL MOJI_YELLOW_DEFAULT>[4]</STYL> [<STYL MOJI_YELLOW_DEFAULT>3</STYL>]"
"JU_BAKUHA_NAME";"Joyau blindage <STYL MOJI_YELLOW_DEFAULT>[1]</STYL> [<STYL MOJI_YELLOW_DEFAULT>3</STYL>]"
"JU_M056_NAME";"Joyau insonorisation II <STYL MOJI_YELLOW_DEFAULT>[4]</STYL> [<STYL MOJI_YELLOW_DEFAULT>3</STYL>]"
"JU_M011_NAME";"Joyau de glace II <STYL MOJI_YELLOW_DEFAULT>[4]</STYL> [<STYL MOJI_YELLOW_DEFAULT>3</STYL>]"
"JU_MIZUZOKU_NAME";"Joyau d'eau <STYL MOJI_YELLOW_DEFAULT>[1]</STYL> [<STYL MOJI_YELLOW_DEFAULT>6</STYL>]"
"JU_M242_NAME";"Joyau tireur/vitalité <STYL MOJI_YELLOW_DEFAULT>[4]</STYL> [<STYL MOJI_YELLOW_DEFAULT>3</STYL>]"
"JU_M191_NAME";"Joyau occulte/bénédiction <STYL MOJI_YELLOW_DEFAULT>[4]</STYL> [<STYL MOJI_YELLOW_DEFAULT>5</STYL>]"
"JU_M044_NAME";"Joyau d'Atlantis II <STYL MOJI_YELLOW_DEFAULT>[4]</STYL> [<STYL MOJI_YELLOW_DEFAULT>2</STYL>]"
"JU_M230_NAME";"Joyau dégainage/vitalité <STYL MOJI_YELLOW_DEFAULT>[4]</STYL> [<STYL MOJI_YELLOW_DEFAULT>3</STYL>]"
"JU_M186_NAME";"Joyau destruction/bénédiction <STYL MOJI_YELLOW_DEFAULT>[4]</STYL> [<STYL MOJI_YELLOW_DEFAULT>3</STYL>]"
"JU_M299_NAME";"Joyau berserk/invulnérabilité <STYL MOJI_YELLOW_DEFAULT>[4]</STYL> [<STYL MOJI_YELLOW_DEFAULT>3</STYL>]"
"JU_M085_NAME";"Joyau mycologue/athlète <STYL MOJI_YELLOW_DEFAULT>[4]</STYL> [<STYL MOJI_YELLOW_DEFAULT>3</STYL>]"
"JU_RYUU_NAME";"Joyau draconien <STYL MOJI_YELLOW_DEFAULT>[1]</STYL> [<STYL MOJI_YELLOW_DEFAULT>3</STYL>]"
"JU_M039_NAME";"Joyau du sniper II <STYL MOJI_YELLOW_DEFAULT>[4]</STYL> [<STYL MOJI_YELLOW_DEFAULT>1</STYL>]"
"JU_M271_NAME";"Joyau occulte/athlète <STYL MOJI_YELLOW_DEFAULT>[4]</STYL> [<STYL MOJI_YELLOW_DEFAULT>5</STYL>]"
"JU_M124_NAME";"Joyau glisseur/attaque <STYL MOJI_YELLOW_DEFAULT>[4]</STYL> [<STYL MOJI_YELLOW_DEFAULT>1</STYL>]"
"JU_M258_NAME";"Joyau insonorisation/survie <STYL MOJI_YELLOW_DEFAULT>[4]</STYL> [<STYL MOJI_YELLOW_DEFAULT>5</STYL>]"
"JU_M090_NAME";"Joyau sauvage/invulnérabilité <STYL MOJI_YELLOW_DEFAULT>[4]</STYL> [<STYL MOJI_YELLOW_DEFAULT>1</STYL>]"
"JU_M023_NAME";"Joyau antidote II <STYL MOJI_YELLOW_DEFAULT>[4]</STYL> [<STYL MOJI_YELLOW_DEFAULT>2</STYL>]"
"JU_M006_NAME";"Joyau antigel II <STYL MOJI_YELLOW_DEFAULT>[4]</STYL> [<STYL MOJI_YELLOW_DEFAULT>2</STYL>]"
"JU_M162_NAME";"Joyau glisseur/tireur <STYL MOJI_YELLOW_DEFAULT>[4]</STYL> [<STYL MOJI_YELLOW_DEFAULT>1</STYL>]"
"JU_M275_NAME";"Joyau omnipotence/athlète <STYL MOJI_YELLOW_DEFAULT>[4]</STYL> [<STYL MOJI_YELLOW_DEFAULT>5</STYL>]"
"JU_M107_NAME";"Joyau fatigue/attaque <STYL MOJI_YELLOW_DEFAULT>[4]</STYL> [<STYL MOJI_YELLOW_DEFAULT>5</STYL>]"
"JU_M145_NAME";"Joyau fatigue/tireur <STYL MOJI_YELLOW_DEFAULT>[4]</STYL> [<STYL MOJI_YELLOW_DEFAULT>3</STYL>]"
"JU_M237_NAME";"Joyau phénix/vitalité <STYL MOJI_YELLOW_DEFAULT>[4]</STYL> [<STYL MOJI_YELLOW_DEFAULT>3</STYL>]"
"JU_M061_NAME";"Joyau occulte II <STYL MOJI_YELLOW_DEFAULT>[4]</STYL> [<STYL MOJI_YELLOW_DEFAULT>4</STYL>]"
"JU_TAISYOUKI_NAME";"Joyau de pureté <STYL MOJI_YELLOW_DEFAULT>[1]</STYL> [<STYL MOJI_YELLOW_DEFAULT>3</STYL>]"
"JU_MAHIBIN_NAME";"Joyau léthargie <STYL MOJI_YELLOW_DEFAULT>[3]</STYL> [<STYL MOJI_YELLOW_DEFAULT>1</STYL>]"
"JU_M089_NAME";"Joyau courage/invulnérabilité <STYL MOJI_YELLOW_DEFAULT>[4]</STYL> [<STYL MOJI_YELLOW_DEFAULT>1</STYL>]"
"JU_M246_NAME";"Joyau destruction/survie <STYL MOJI_YELLOW_DEFAULT>[4]</STYL> [<STYL MOJI_YELLOW_DEFAULT>3</STYL>]"
"JU_M249_NAME";"Joyau anti-vent/survie <STYL MOJI_YELLOW_DEFAULT>[4]</STYL> [<STYL MOJI_YELLOW_DEFAULT>5</STYL>]"
"JU_M133_NAME";"Joyau fléau/maître <STYL MOJI_YELLOW_DEFAULT>[4]</STYL> [<STYL MOJI_YELLOW_DEFAULT>3</STYL>]"
"JU_TUUGEKI_NAME";"Joyau faiblesse <STYL MOJI_YELLOW_DEFAULT>[2]</STYL> [<STYL MOJI_YELLOW_DEFAULT>3</STYL>]"
"JU_DOKU_NAME";"Joyau antidote <STYL MOJI_YELLOW_DEFAULT>[1]</STYL> [<STYL MOJI_YELLOW_DEFAULT>3</STYL>]"
"JU_M032_NAME";"Joyau facteur X II <STYL MOJI_YELLOW_DEFAULT>[4]</STYL> [<STYL MOJI_YELLOW_DEFAULT>2</STYL>]"
"JU_M035_NAME";"Joyau Palico II <STYL MOJI_YELLOW_DEFAULT>[4]</STYL> [<STYL MOJI_YELLOW_DEFAULT>3</STYL>]"
"JU_M136_NAME";"Joyau métabolisme/maître <STYL MOJI_YELLOW_DEFAULT>[4]</STYL> [<STYL MOJI_YELLOW_DEFAULT>3</STYL>]"
"JU_LOVEKINOKO_NAME";"Joyau du mycologue <STYL MOJI_YELLOW_DEFAULT>[1]</STYL> [<STYL MOJI_YELLOW_DEFAULT>3</STYL>]"
"JU_RYUUHUU_NAME";"Joyau Sceau-de-dragon <STYL MOJI_YELLOW_DEFAULT>[3]</STYL> [<STYL MOJI_YELLOW_DEFAULT>1</STYL>]"
"JU_M208_NAME";"Joyau héros/médecin <STYL MOJI_YELLOW_DEFAULT>[4]</STYL> [<STYL MOJI_YELLOW_DEFAULT>3</STYL>]"
"JU_M221_NAME";"Joyau artisanat/médecin <STYL MOJI_YELLOW_DEFAULT>[4]</STYL> [<STYL MOJI_YELLOW_DEFAULT>3</STYL>]"
"JU_M174_NAME";"Joyau métabolisme/artisanat <STYL MOJI_YELLOW_DEFAULT>[4]</STYL> [<STYL MOJI_YELLOW_DEFAULT>3</STYL>]"
"JU_KASSOU_NAME";"Joyau du glisseur <STYL MOJI_YELLOW_DEFAULT>[2]</STYL> [<STYL MOJI_YELLOW_DEFAULT>1</STYL>]"
"JU_M020_NAME";"Joyau antigel III <STYL MOJI_YELLOW_DEFAULT>[4]</STYL> [<STYL MOJI_YELLOW_DEFAULT>1</STYL>]"
"JU_SOKODIKARA_NAME";"Joyau du héros <STYL MOJI_YELLOW_DEFAULT>[2]</STYL> [<STYL MOJI_YELLOW_DEFAULT>7</STYL>]"
"JU_M065_NAME";"Joyau de l'athlète II <STYL MOJI_YELLOW_DEFAULT>[4]</STYL> [<STYL MOJI_YELLOW_DEFAULT>3</STYL>]"
"JU_M120_NAME";"Joyau carnassier/attaque <STYL MOJI_YELLOW_DEFAULT>[4]</STYL> [<STYL MOJI_YELLOW_DEFAULT>3</STYL>]"
"JU_TAISYOUGEKI_NAME";"Joyau inflexible <STYL MOJI_YELLOW_DEFAULT>[3]</STYL> [<STYL MOJI_YELLOW_DEFAULT>3</STYL>]"
"JU_MAHIATK_NAME";"Joyau paralysant <STYL MOJI_YELLOW_DEFAULT>[1]</STYL> [<STYL MOJI_YELLOW_DEFAULT>4</STYL>]"
"JU_M064_NAME";"Joyau de vengeance II <STYL MOJI_YELLOW_DEFAULT>[4]</STYL> [<STYL MOJI_YELLOW_DEFAULT>3</STYL>]"
"JU_M295_NAME";"Joyau omnipotence/invulnérab <STYL MOJI_YELLOW_DEFAULT>[4]</STYL> [<STYL MOJI_YELLOW_DEFAULT>5</STYL>]"
"JU_M003_NAME";"Joyau de refroidissement <STYL MOJI_YELLOW_DEFAULT>[2]</STYL> [<STYL MOJI_YELLOW_DEFAULT>1</STYL>]"
"JU_M250_NAME";"Joyau dégainage/survie <STYL MOJI_YELLOW_DEFAULT>[4]</STYL> [<STYL MOJI_YELLOW_DEFAULT>3</STYL>]"
"JU_M018_NAME";"Joyau ignifuge III <STYL MOJI_YELLOW_DEFAULT>[4]</STYL> [<STYL MOJI_YELLOW_DEFAULT>1</STYL>]"
"JU_M116_NAME";"Joyau marathonien/attaque <STYL MOJI_YELLOW_DEFAULT>[4]</STYL> [<STYL MOJI_YELLOW_DEFAULT>3</STYL>]"
"JU_M047_NAME";"Joyau du botaniste IV <STYL MOJI_YELLOW_DEFAULT>[4]</STYL> [<STYL MOJI_YELLOW_DEFAULT>1</STYL>]"
"JU_M036_NAME";"Joyau de furtivité III <STYL MOJI_YELLOW_DEFAULT>[4]</STYL> [<STYL MOJI_YELLOW_DEFAULT>1</STYL>]"
"JU_M183_NAME";"Joyau anti-séisme/bénédiction <STYL MOJI_YELLOW_DEFAULT>[4]</STYL> [<STYL MOJI_YELLOW_DEFAULT>3</STYL>]"
"JU_SUTAMINA_NAME";"Joyau du marathonien <STYL MOJI_YELLOW_DEFAULT>[2]</STYL> [<STYL MOJI_YELLOW_DEFAULT>3</STYL>]"
"JU_M149_NAME";"Joyau mousquetaire/tireur <STYL MOJI_YELLOW_DEFAULT>[4]</STYL> [<STYL MOJI_YELLOW_DEFAULT>3</STYL>]"
"JU_M204_NAME";"Joyau concentration/médecin <STYL MOJI_YELLOW_DEFAULT>[4]</STYL> [<STYL MOJI_YELLOW_DEFAULT>3</STYL>]"
"JU_M178_NAME";"Joyau aiguiseur/artisanat <STYL MOJI_YELLOW_DEFAULT>[4]</STYL> [<STYL MOJI_YELLOW_DEFAULT>3</STYL>]"
"JU_M233_NAME";"Joyau parfait/vitalité <STYL MOJI_YELLOW_DEFAULT>[4]</STYL> [<STYL MOJI_YELLOW_DEFAULT>3</STYL>]"
"JU_KOORI_NAME";"Joyau antigel <STYL MOJI_YELLOW_DEFAULT>[1]</STYL> [<STYL MOJI_YELLOW_DEFAULT>3</STYL>]"
"JU_M296_NAME";"Joyau inflexible/invulnérab <STYL MOJI_YELLOW_DEFAULT>[4]</STYL> [<STYL MOJI_YELLOW_DEFAULT>3</STYL>]"
"JU_M302_NAME";"Joyau tireur/invulnérabilité <STYL MOJI_YELLOW_DEFAULT>[4]</STYL> [<STYL MOJI_YELLOW_DEFAULT>3</STYL>]"
"JU_IKAKU_NAME";"Joyau intimidation <STYL MOJI_YELLOW_DEFAULT>[1]</STYL> [<STYL MOJI_YELLOW_DEFAULT>3</STYL>]"
"JU_M093_NAME";"Joyau parasite/invulnérabilité <STYL MOJI_YELLOW_DEFAULT>[4]</STYL> [<STYL MOJI_YELLOW_DEFAULT>3</STYL>]"
"JU_HONKI_NAME";"Joyau occulte <STYL MOJI_YELLOW_DEFAULT>[2]</STYL> [<STYL MOJI_YELLOW_DEFAULT>7</STYL>]"
"JU_M266_NAME";"Joyau destruction/athlète <STYL MOJI_YELLOW_DEFAULT>[4]</STYL> [<STYL MOJI_YELLOW_DEFAULT>3</STYL>]"
"JU_NOUTOU_NAME";"Joyau rengainage <STYL MOJI_YELLOW_DEFAULT>[1]</STYL> [<STYL MOJI_YELLOW_DEFAULT>3</STYL>]"
"JU_GYAKUJYO_NAME";"Joyau de vengeance <STYL MOJI_YELLOW_DEFAULT>[2]</STYL> [<STYL MOJI_YELLOW_DEFAULT>5</STYL>]"
"JU_M031_NAME";"Joyau du spartiate II <STYL MOJI_YELLOW_DEFAULT>[4]</STYL> [<STYL MOJI_YELLOW_DEFAULT>2</STYL>]"
"JU_M228_NAME";"Joyau héros/vitalité <STYL MOJI_YELLOW_DEFAULT>[4]</STYL> [<STYL MOJI_YELLOW_DEFAULT>3</STYL>]"
"JU_M154_NAME";"Joyau marathonien/tireur <STYL MOJI_YELLOW_DEFAULT>[4]</STYL> [<STYL MOJI_YELLOW_DEFAULT>3</STYL>]"
"JU_M222_NAME";"Joyau tireur/médecin <STYL MOJI_YELLOW_DEFAULT>[4]</STYL> [<STYL MOJI_YELLOW_DEFAULT>3</STYL>]"
"JU_M115_NAME";"Joyau acrobatie/attaque <STYL MOJI_YELLOW_DEFAULT>[4]</STYL> [<STYL MOJI_YELLOW_DEFAULT>1</STYL>]"
"JU_M267_NAME";"Joyau cogneur/athlète <STYL MOJI_YELLOW_DEFAULT>[4]</STYL> [<STYL MOJI_YELLOW_DEFAULT>5</STYL>]"
"JU_TAKUMI_NAME";"Joyau artisanat <STYL MOJI_YELLOW_DEFAULT>[3]</STYL> [<STYL MOJI_YELLOW_DEFAULT>5</STYL>]"
"JU_M198_NAME";"Joyau insonorisation/bénédic <STYL MOJI_YELLOW_DEFAULT>[4]</STYL> [<STYL MOJI_YELLOW_DEFAULT>5</STYL>]"
"JU_M153_NAME";"Joyau acrobatie/tireur <STYL MOJI_YELLOW_DEFAULT>[4]</STYL> [<STYL MOJI_YELLOW_DEFAULT>1</STYL>]"
"JU_M100_NAME";"Joyau rengainage/invulnérab <STYL MOJI_YELLOW_DEFAULT>[4]</STYL> [<STYL MOJI_YELLOW_DEFAULT>3</STYL>]"
"JU_M229_NAME";"Joyau anti-vent/vitalité <STYL MOJI_YELLOW_DEFAULT>[4]</STYL> [<STYL MOJI_YELLOW_DEFAULT>3</STYL>]"
"JU_M169_NAME";"Joyau parasite/artisanat <STYL MOJI_YELLOW_DEFAULT>[4]</STYL> [<STYL MOJI_YELLOW_DEFAULT>3</STYL>]"
"JU_M002_NAME";"Joyau gardien <STYL MOJI_YELLOW_DEFAULT>[2]</STYL> [<STYL MOJI_YELLOW_DEFAULT>3</STYL>]"
"JU_M280_NAME";"Joyau faiblesse/athlète <STYL MOJI_YELLOW_DEFAULT>[4]</STYL> [<STYL MOJI_YELLOW_DEFAULT>3</STYL>]"
"JU_M027_NAME";"Joyau blindage II <STYL MOJI_YELLOW_DEFAULT>[4]</STYL> [<STYL MOJI_YELLOW_DEFAULT>2</STYL>]"
"JU_M144_NAME";"Joyau gardien/maître <STYL MOJI_YELLOW_DEFAULT>[4]</STYL> [<STYL MOJI_YELLOW_DEFAULT>3</STYL>]"
"JU_M238_NAME";"Joyau insonorisation/vitalité <STYL MOJI_YELLOW_DEFAULT>[4]</STYL> [<STYL MOJI_YELLOW_DEFAULT>3</STYL>]"
"JU_M301_NAME";"Joyau artisanat/invulnérab <STYL MOJI_YELLOW_DEFAULT>[4]</STYL> [<STYL MOJI_YELLOW_DEFAULT>5</STYL>]"
"JU_M094_NAME";"Joyau pierre/invulnérabilité <STYL MOJI_YELLOW_DEFAULT>[4]</STYL> [<STYL MOJI_YELLOW_DEFAULT>5</STYL>]"
"JU_KAIHI_NAME";"Joyau d'invulnérabilité <STYL MOJI_YELLOW_DEFAULT>[2]</STYL> [<STYL MOJI_YELLOW_DEFAULT>5</STYL>]"
"JU_M040_NAME";"Joyau artillerie II <STYL MOJI_YELLOW_DEFAULT>[4]</STYL> [<STYL MOJI_YELLOW_DEFAULT>1</STYL>]"
"JU_M251_NAME";"Joyau occulte/survie <STYL MOJI_YELLOW_DEFAULT>[4]</STYL> [<STYL MOJI_YELLOW_DEFAULT>5</STYL>]"
"JU_HOUJUTU_NAME";"Joyau dynamite <STYL MOJI_YELLOW_DEFAULT>[1]</STYL> [<STYL MOJI_YELLOW_DEFAULT>5</STYL>]"
"JU_M213_NAME";"Joyau parfait/médecin <STYL MOJI_YELLOW_DEFAULT>[4]</STYL> [<STYL MOJI_YELLOW_DEFAULT>3</STYL>]"
"JU_M182_NAME";"Joyau gardien/artisanat <STYL MOJI_YELLOW_DEFAULT>[4]</STYL> [<STYL MOJI_YELLOW_DEFAULT>3</STYL>]"
"JU_HAYAGUI_NAME";"Joyau du carnassier <STYL MOJI_YELLOW_DEFAULT>[1]</STYL> [<STYL MOJI_YELLOW_DEFAULT>3</STYL>]"
"JU_M272_NAME";"Joyau témérité/athlète <STYL MOJI_YELLOW_DEFAULT>[4]</STYL> [<STYL MOJI_YELLOW_DEFAULT>5</STYL>]"
"JU_M111_NAME";"Joyau mousquetaire/attaque <STYL MOJI_YELLOW_DEFAULT>[4]</STYL> [<STYL MOJI_YELLOW_DEFAULT>5</STYL>]"
"JU_M156_NAME";"Joyau esquive/tireur <STYL MOJI_YELLOW_DEFAULT>[4]</STYL> [<STYL MOJI_YELLOW_DEFAULT>3</STYL>]"
"JU_M226_NAME";"Joyau destruction/vitalité <STYL MOJI_YELLOW_DEFAULT>[4]</STYL> [<STYL MOJI_YELLOW_DEFAULT>3</STYL>]"
"JU_M113_NAME";"Joyau pierre/attaque <STYL MOJI_YELLOW_DEFAULT>[4]</STYL> [<STYL MOJI_YELLOW_DEFAULT>5</STYL>]"
"JU_M269_NAME";"Joyau anti-vent/athlète <STYL MOJI_YELLOW_DEFAULT>[4]</STYL> [<STYL MOJI_YELLOW_DEFAULT>5</STYL>]"
"JU_M055_NAME";"Joyau dynamite II <STYL MOJI_YELLOW_DEFAULT>[4]</STYL> [<STYL MOJI_YELLOW_DEFAULT>3</STYL>]"
"JU_BOUHUU_NAME";"Joyau anti-vent <STYL MOJI_YELLOW_DEFAULT>[2]</STYL> [<STYL MOJI_YELLOW_DEFAULT>5</STYL>]"
"JU_M189_NAME";"Joyau anti-vent/bénédiction <STYL MOJI_YELLOW_DEFAULT>[4]</STYL> [<STYL MOJI_YELLOW_DEFAULT>5</STYL>]"
"JU_M041_NAME";"Joyau du botaniste II <STYL MOJI_YELLOW_DEFAULT>[4]</STYL> [<STYL MOJI_YELLOW_DEFAULT>2</STYL>]"
"JU_M241_NAME";"Joyau artisanat/vitalité <STYL MOJI_YELLOW_DEFAULT>[4]</STYL> [<STYL MOJI_YELLOW_DEFAULT>3</STYL>]"
"JU_M088_NAME";"Joyau fatigue/invulnérabilité <STYL MOJI_YELLOW_DEFAULT>[4]</STYL> [<STYL MOJI_YELLOW_DEFAULT>5</STYL>]"
"JU_M028_NAME";"Joyau hémostatique II <STYL MOJI_YELLOW_DEFAULT>[4]</STYL> [<STYL MOJI_YELLOW_DEFAULT>2</STYL>]"
"JU_ZOKUKAI_NAME";"Joyau du tireur <STYL MOJI_YELLOW_DEFAULT>[3]</STYL> [<STYL MOJI_YELLOW_DEFAULT>3</STYL>]"
"JU_M108_NAME";"Joyau courage/attaque <STYL MOJI_YELLOW_DEFAULT>[4]</STYL> [<STYL MOJI_YELLOW_DEFAULT>1</STYL>]"
"JU_M274_NAME";"Joyau vengeance/athlète <STYL MOJI_YELLOW_DEFAULT>[4]</STYL> [<STYL MOJI_YELLOW_DEFAULT>5</STYL>]"
"JU_M123_NAME";"Joyau mycologue/attaque <STYL MOJI_YELLOW_DEFAULT>[4]</STYL> [<STYL MOJI_YELLOW_DEFAULT>3</STYL>]"
"JU_M076_NAME";"Joyau fléau/athlète <STYL MOJI_YELLOW_DEFAULT>[4]</STYL> [<STYL MOJI_YELLOW_DEFAULT>3</STYL>]"
"JU_M231_NAME";"Joyau occulte/vitalité <STYL MOJI_YELLOW_DEFAULT>[4]</STYL> [<STYL MOJI_YELLOW_DEFAULT>3</STYL>]"
"JU_M284_NAME";"Joyau concentration/invulnérab <STYL MOJI_YELLOW_DEFAULT>[4]</STYL> [<STYL MOJI_YELLOW_DEFAULT>3</STYL>]"
"JU_M168_NAME";"Joyau mousquetaire/artisanat <STYL MOJI_YELLOW_DEFAULT>[4]</STYL> [<STYL MOJI_YELLOW_DEFAULT>5</STYL>]"
"JU_M214_NAME";"Joyau vengeance/médecin <STYL MOJI_YELLOW_DEFAULT>[4]</STYL> [<STYL MOJI_YELLOW_DEFAULT>3</STYL>]"
"JU_M262_NAME";"Joyau tireur/survie <STYL MOJI_YELLOW_DEFAULT>[4]</STYL> [<STYL MOJI_YELLOW_DEFAULT>3</STYL>]"
"JU_M259_NAME";"Joyau berserk/survie <STYL MOJI_YELLOW_DEFAULT>[4]</STYL> [<STYL MOJI_YELLOW_DEFAULT>3</STYL>]"
"JU_M199_NAME";"Joyau berserk/bénédiction <STYL MOJI_YELLOW_DEFAULT>[4]</STYL> [<STYL MOJI_YELLOW_DEFAULT>3</STYL>]"
"JU_M007_NAME";"Joyau isolant II <STYL MOJI_YELLOW_DEFAULT>[4]</STYL> [<STYL MOJI_YELLOW_DEFAULT>2</STYL>]"
"JU_M161_NAME";"Joyau mycologue/tireur <STYL MOJI_YELLOW_DEFAULT>[4]</STYL> [<STYL MOJI_YELLOW_DEFAULT>3</STYL>]"
"JU_DOKUATK_NAME";"Joyau venin <STYL MOJI_YELLOW_DEFAULT>[1]</STYL> [<STYL MOJI_YELLOW_DEFAULT>4</STYL>]"
"JU_M045_NAME";"Joyau insectoïde II <STYL MOJI_YELLOW_DEFAULT>[4]</STYL> [<STYL MOJI_YELLOW_DEFAULT>2</STYL>]"
"JU_GOUKYU_NAME";"Joyau de l'archer <STYL MOJI_YELLOW_DEFAULT>[2]</STYL> [<STYL MOJI_YELLOW_DEFAULT>1</STYL>]"
"JU_M098_NAME";"Joyau métabolisme/invulnérab <STYL MOJI_YELLOW_DEFAULT>[4]</STYL> [<STYL MOJI_YELLOW_DEFAULT>3</STYL>]"
"JU_M224_NAME";"Joyau concentration/vitalité <STYL MOJI_YELLOW_DEFAULT>[4]</STYL> [<STYL MOJI_YELLOW_DEFAULT>3</STYL>]"
"JU_M010_NAME";"Joyau d'eau II <STYL MOJI_YELLOW_DEFAULT>[4]</STYL> [<STYL MOJI_YELLOW_DEFAULT>3</STYL>]"
"JU_M038_NAME";"Joyau Palico III <STYL MOJI_YELLOW_DEFAULT>[4]</STYL> [<STYL MOJI_YELLOW_DEFAULT>2</STYL>]"
"JU_M086_NAME";"Joyau glisseur/athlète <STYL MOJI_YELLOW_DEFAULT>[4]</STYL> [<STYL MOJI_YELLOW_DEFAULT>1</STYL>]"
"JU_M101_NAME";"Joyau carnassier/invulnérab <STYL MOJI_YELLOW_DEFAULT>[4]</STYL> [<STYL MOJI_YELLOW_DEFAULT>3</STYL>]"
"JU_M171_NAME";"Joyau fléau/artisanat <STYL MOJI_YELLOW_DEFAULT>[4]</STYL> [<STYL MOJI_YELLOW_DEFAULT>3</STYL>]"
"JU_BAKUHAATK_NAME";"Joyau explosion <STYL MOJI_YELLOW_DEFAULT>[1]</STYL> [<STYL MOJI_YELLOW_DEFAULT>4</STYL>]"
"JU_M158_NAME";"Joyau carnassier/tireur <STYL MOJI_YELLOW_DEFAULT>[4]</STYL> [<STYL MOJI_YELLOW_DEFAULT>3</STYL>]"
"JU_KOURIZOKU_NAME";"Joyau de glace <STYL MOJI_YELLOW_DEFAULT>[1]</STYL> [<STYL MOJI_YELLOW_DEFAULT>6</STYL>]"
"JU_M234_NAME";"Joyau vengeance/vitalité <STYL MOJI_YELLOW_DEFAULT>[4]</STYL> [<STYL MOJI_YELLOW_DEFAULT>3</STYL>]"
"JU_TAIZOKU_NAME";"Joyau fléau <STYL MOJI_YELLOW_DEFAULT>[1]</STYL> [<STYL MOJI_YELLOW_DEFAULT>3</STYL>]"
"JU_BATTOU_NAME";"Joyau dégainage <STYL MOJI_YELLOW_DEFAULT>[2]</STYL> [<STYL MOJI_YELLOW_DEFAULT>3</STYL>]"
"JU_M048_NAME";"Joyau géologie III <STYL MOJI_YELLOW_DEFAULT>[4]</STYL> [<STYL MOJI_YELLOW_DEFAULT>1</STYL>]"
"JU_M103_NAME";"Joyau bombardier/invulnérab <STYL MOJI_YELLOW_DEFAULT>[4]</STYL> [<STYL MOJI_YELLOW_DEFAULT>5</STYL>]"
"JU_M148_NAME";"Joyau paladin/tireur <STYL MOJI_YELLOW_DEFAULT>[4]</STYL> [<STYL MOJI_YELLOW_DEFAULT>3</STYL>]"
"JU_SANDAN_NAME";"Joyau de plomb <STYL MOJI_YELLOW_DEFAULT>[3]</STYL> [<STYL MOJI_YELLOW_DEFAULT>2</STYL>]"
"JU_M096_NAME";"Joyau acrobatie/invulnérab <STYL MOJI_YELLOW_DEFAULT>[4]</STYL> [<STYL MOJI_YELLOW_DEFAULT>1</STYL>]"
"JU_M081_NAME";"Joyau rengainage/athlète <STYL MOJI_YELLOW_DEFAULT>[4]</STYL> [<STYL MOJI_YELLOW_DEFAULT>3</STYL>]"
"JU_M118_NAME";"Joyau esquive/attaque <STYL MOJI_YELLOW_DEFAULT>[4]</STYL> [<STYL MOJI_YELLOW_DEFAULT>3</STYL>]"
"JU_M264_NAME";"Joyau concentration/athlète <STYL MOJI_YELLOW_DEFAULT>[4]</STYL> [<STYL MOJI_YELLOW_DEFAULT>3</STYL>]"
"JU_M279_NAME";"Joyau berserk/athlète <STYL MOJI_YELLOW_DEFAULT>[4]</STYL> [<STYL MOJI_YELLOW_DEFAULT>3</STYL>]"
"JU_SEIBI_NAME";"Joyau de survie <STYL MOJI_YELLOW_DEFAULT>[1]</STYL> [<STYL MOJI_YELLOW_DEFAULT>5</STYL>]"
"JU_M194_NAME";"Joyau vengeance/bénédiction <STYL MOJI_YELLOW_DEFAULT>[4]</STYL> [<STYL MOJI_YELLOW_DEFAULT>5</STYL>]"
"JU_M033_NAME";"Joyau de furtivité II <STYL MOJI_YELLOW_DEFAULT>[4]</STYL> [<STYL MOJI_YELLOW_DEFAULT>2</STYL>]"
"JU_M146_NAME";"Joyau courage/tireur <STYL MOJI_YELLOW_DEFAULT>[4]</STYL> [<STYL MOJI_YELLOW_DEFAULT>1</STYL>]"
"JU_M201_NAME";"Joyau artisanat/bénédiction <STYL MOJI_YELLOW_DEFAULT>[4]</STYL> [<STYL MOJI_YELLOW_DEFAULT>5</STYL>]"
"JU_M236_NAME";"Joyau inflexible/vitalité <STYL MOJI_YELLOW_DEFAULT>[4]</STYL> [<STYL MOJI_YELLOW_DEFAULT>3</STYL>]"
"JU_KO_NAME";"Joyau cogneur <STYL MOJI_YELLOW_DEFAULT>[2]</STYL> [<STYL MOJI_YELLOW_DEFAULT>5</STYL>]"
"JU_M151_NAME";"Joyau pierre/tireur <STYL MOJI_YELLOW_DEFAULT>[4]</STYL> [<STYL MOJI_YELLOW_DEFAULT>3</STYL>]"
"JU_M063_NAME";"Joyau du héros II <STYL MOJI_YELLOW_DEFAULT>[4]</STYL> [<STYL MOJI_YELLOW_DEFAULT>4</STYL>]"
"JU_M121_NAME";"Joyau aiguiseur/attaque <STYL MOJI_YELLOW_DEFAULT>[4]</STYL> [<STYL MOJI_YELLOW_DEFAULT>3</STYL>]"
"JU_SUIMINATK_NAME";"Joyau du sommeil <STYL MOJI_YELLOW_DEFAULT>[1]</STYL> [<STYL MOJI_YELLOW_DEFAULT>4</STYL>]"
"JU_KYOUDAN_NAME";"Joyau de l'artilleur <STYL MOJI_YELLOW_DEFAULT>[3]</STYL> [<STYL MOJI_YELLOW_DEFAULT>2</STYL>]"
"JU_M282_NAME";"Joyau tireur/athlète <STYL MOJI_YELLOW_DEFAULT>[4]</STYL> [<STYL MOJI_YELLOW_DEFAULT>3</STYL>]"
"JU_M206_NAME";"Joyau destruction/médecin <STYL MOJI_YELLOW_DEFAULT>[4]</STYL> [<STYL MOJI_YELLOW_DEFAULT>3</STYL>]"
"JU_M068_NAME";"Joyau du mousquetaire II <STYL MOJI_YELLOW_DEFAULT>[4]</STYL> [<STYL MOJI_YELLOW_DEFAULT>3</STYL>]"
"JU_M131_NAME";"Joyau parasite/maître <STYL MOJI_YELLOW_DEFAULT>[4]</STYL> [<STYL MOJI_YELLOW_DEFAULT>3</STYL>]"
"JU_M176_NAME";"Joyau rengainage/artisanat <STYL MOJI_YELLOW_DEFAULT>[4]</STYL> [<STYL MOJI_YELLOW_DEFAULT>3</STYL>]"
"JU_HIEN_NAME";"Joyau acrobatie <STYL MOJI_YELLOW_DEFAULT>[2]</STYL> [<STYL MOJI_YELLOW_DEFAULT>1</STYL>]"
"JU_KAISOKU_NAME";"Joyau facteur X <STYL MOJI_YELLOW_DEFAULT>[1]</STYL> [<STYL MOJI_YELLOW_DEFAULT>3</STYL>]"
"JU_M254_NAME";"Joyau vengeance/survie <STYL MOJI_YELLOW_DEFAULT>[4]</STYL> [<STYL MOJI_YELLOW_DEFAULT>5</STYL>]"
"JU_TIGAKU_NAME";"Joyau géologie <STYL MOJI_YELLOW_DEFAULT>[1]</STYL> [<STYL MOJI_YELLOW_DEFAULT>3</STYL>]"
"JU_M015_NAME";"Joyau paralysant II <STYL MOJI_YELLOW_DEFAULT>[4]</STYL> [<STYL MOJI_YELLOW_DEFAULT>2</STYL>]"
"JU_M292_NAME";"Joyau témérité/invulnérabilité <STYL MOJI_YELLOW_DEFAULT>[4]</STYL> [<STYL MOJI_YELLOW_DEFAULT>5</STYL>]"
"JU_KIZETSU_NAME";"Joyau volonté <STYL MOJI_YELLOW_DEFAULT>[1]</STYL> [<STYL MOJI_YELLOW_DEFAULT>3</STYL>]"
"JU_KYUUTI_NAME";"Joyau sauvage <STYL MOJI_YELLOW_DEFAULT>[1]</STYL> [<STYL MOJI_YELLOW_DEFAULT>1</STYL>]"
"JU_SUIMIN_NAME";"Joyau insomnie <STYL MOJI_YELLOW_DEFAULT>[1]</STYL> [<STYL MOJI_YELLOW_DEFAULT>3</STYL>]"
"JU_M053_NAME";"Joyau du chimiste III <STYL MOJI_YELLOW_DEFAULT>[4]</STYL> [<STYL MOJI_YELLOW_DEFAULT>1</STYL>]"
"JU_ITEMSAVE_NAME";"Joyau du parasite <STYL MOJI_YELLOW_DEFAULT>[1]</STYL> [<STYL MOJI_YELLOW_DEFAULT>3</STYL>]"
"JU_KOUYOU_NAME";"Joyau de puissance <STYL MOJI_YELLOW_DEFAULT>[2]</STYL> [<STYL MOJI_YELLOW_DEFAULT>3</STYL>]"
"JU_TOISHI_NAME";"Joyau de l'aiguiseur <STYL MOJI_YELLOW_DEFAULT>[1]</STYL> [<STYL MOJI_YELLOW_DEFAULT>3</STYL>]"
"JU_RESSYOU_NAME";"Joyau hémostatique <STYL MOJI_YELLOW_DEFAULT>[1]</STYL> [<STYL MOJI_YELLOW_DEFAULT>3</STYL>]"
"JU_KONSHIN_NAME";"Joyau d'omnipotence <STYL MOJI_YELLOW_DEFAULT>[2]</STYL> [<STYL MOJI_YELLOW_DEFAULT>5</STYL>]"
"JU_OTOMOUP_NAME";"Joyau Palico <STYL MOJI_YELLOW_DEFAULT>[1]</STYL> [<STYL MOJI_YELLOW_DEFAULT>5</STYL>]"
"JU_M289_NAME";"Joyau anti-vent/invulnérab <STYL MOJI_YELLOW_DEFAULT>[4]</STYL> [<STYL MOJI_YELLOW_DEFAULT>5</STYL>]"
"JU_M091_NAME";"Joyau paladin/invulnérabilité <STYL MOJI_YELLOW_DEFAULT>[4]</STYL> [<STYL MOJI_YELLOW_DEFAULT>5</STYL>]"
"JU_M141_NAME";"Joyau bombardier/maître <STYL MOJI_YELLOW_DEFAULT>[4]</STYL> [<STYL MOJI_YELLOW_DEFAULT>5</STYL>]"
"JU_M078_NAME";"Joyau marathonien/athlète <STYL MOJI_YELLOW_DEFAULT>[4]</STYL> [<STYL MOJI_YELLOW_DEFAULT>3</STYL>]"
"JU_M128_NAME";"Joyau sauvage/maître <STYL MOJI_YELLOW_DEFAULT>[4]</STYL> [<STYL MOJI_YELLOW_DEFAULT>1</STYL>]"
"JU_M043_NAME";"Joyau de la nature II <STYL MOJI_YELLOW_DEFAULT>[4]</STYL> [<STYL MOJI_YELLOW_DEFAULT>2</STYL>]"
"JU_M166_NAME";"Joyau sauvage/artisanat <STYL MOJI_YELLOW_DEFAULT>[4]</STYL> [<STYL MOJI_YELLOW_DEFAULT>1</STYL>]"
"JU_M216_NAME";"Joyau inflexible/médecin <STYL MOJI_YELLOW_DEFAULT>[4]</STYL> [<STYL MOJI_YELLOW_DEFAULT>3</STYL>]"
"JU_M005_NAME";"Joyau étanche II <STYL MOJI_YELLOW_DEFAULT>[4]</STYL> [<STYL MOJI_YELLOW_DEFAULT>2</STYL>]"
"JU_M273_NAME";"Joyau parfait/athlète <STYL MOJI_YELLOW_DEFAULT>[4]</STYL> [<STYL MOJI_YELLOW_DEFAULT>3</STYL>]"
"JU_M109_NAME";"Joyau sauvage/attaque <STYL MOJI_YELLOW_DEFAULT>[4]</STYL> [<STYL MOJI_YELLOW_DEFAULT>1</STYL>]"
"JU_M172_NAME";"Joyau acrobatie/artisanat <STYL MOJI_YELLOW_DEFAULT>[4]</STYL> [<STYL MOJI_YELLOW_DEFAULT>1</STYL>]"
"JU_M042_NAME";"Joyau géologie II <STYL MOJI_YELLOW_DEFAULT>[4]</STYL> [<STYL MOJI_YELLOW_DEFAULT>2</STYL>]"
"JU_JIZOKU_NAME";"Joyau du chimiste <STYL MOJI_YELLOW_DEFAULT>[1]</STYL> [<STYL MOJI_YELLOW_DEFAULT>3</STYL>]"
"JU_M211_NAME";"Joyau occulte/médecin <STYL MOJI_YELLOW_DEFAULT>[4]</STYL> [<STYL MOJI_YELLOW_DEFAULT>3</STYL>]"
"JU_M256_NAME";"Joyau inflexible/survie <STYL MOJI_YELLOW_DEFAULT>[4]</STYL> [<STYL MOJI_YELLOW_DEFAULT>3</STYL>]"
"JU_M087_NAME";"Joyau gardien/athlète <STYL MOJI_YELLOW_DEFAULT>[4]</STYL> [<STYL MOJI_YELLOW_DEFAULT>3</STYL>]"
"JU_M126_NAME";"Joyau fatigue/maître <STYL MOJI_YELLOW_DEFAULT>[4]</STYL> [<STYL MOJI_YELLOW_DEFAULT>5</STYL>]"
"JU_KYOHEKI_NAME";"Joyau bouclier <STYL MOJI_YELLOW_DEFAULT>[2]</STYL> [<STYL MOJI_YELLOW_DEFAULT>1</STYL>]"
"JU_M058_NAME";"Joyau attaque II <STYL MOJI_YELLOW_DEFAULT>[4]</STYL> [<STYL MOJI_YELLOW_DEFAULT>4</STYL>]"
"JU_RAIZOKU_NAME";"Joyau de foudre <STYL MOJI_YELLOW_DEFAULT>[1]</STYL> [<STYL MOJI_YELLOW_DEFAULT>6</STYL>]"
"JU_M110_NAME";"Joyau paladin/attaque <STYL MOJI_YELLOW_DEFAULT>[4]</STYL> [<STYL MOJI_YELLOW_DEFAULT>5</STYL>]"
"JU_SINGAN_NAME";"Joyau spirituel <STYL MOJI_YELLOW_DEFAULT>[2]</STYL> [<STYL MOJI_YELLOW_DEFAULT>1</STYL>]"
"JU_M138_NAME";"Joyau rengainage/maître <STYL MOJI_YELLOW_DEFAULT>[4]</STYL> [<STYL MOJI_YELLOW_DEFAULT>3</STYL>]"
"JU_M244_NAME";"Joyau concentration/survie <STYL MOJI_YELLOW_DEFAULT>[4]</STYL> [<STYL MOJI_YELLOW_DEFAULT>3</STYL>]"
"JU_M030_NAME";"Joyau de pureté II <STYL MOJI_YELLOW_DEFAULT>[4]</STYL> [<STYL MOJI_YELLOW_DEFAULT>2</STYL>]"
"JU_BOUGYO_NAME";"Joyau défense <STYL MOJI_YELLOW_DEFAULT>[1]</STYL> [<STYL MOJI_YELLOW_DEFAULT>7</STYL>]"
"JU_M025_NAME";"Joyau insomnie II <STYL MOJI_YELLOW_DEFAULT>[4]</STYL> [<STYL MOJI_YELLOW_DEFAULT>2</STYL>]"
"JU_M143_NAME";"Joyau glisseur/maître <STYL MOJI_YELLOW_DEFAULT>[4]</STYL> [<STYL MOJI_YELLOW_DEFAULT>1</STYL>]"
"JU_M239_NAME";"Joyau berserk/vitalité <STYL MOJI_YELLOW_DEFAULT>[4]</STYL> [<STYL MOJI_YELLOW_DEFAULT>3</STYL>]"
"JU_M071_NAME";"Joyau sauvage/athlète <STYL MOJI_YELLOW_DEFAULT>[4]</STYL> [<STYL MOJI_YELLOW_DEFAULT>1</STYL>]"
"JU_M285_NAME";"Joyau puissance/invulnérab <STYL MOJI_YELLOW_DEFAULT>[4]</STYL> [<STYL MOJI_YELLOW_DEFAULT>3</STYL>]"
"JU_KIRYOKU_NAME";"Joyau métabolisme <STYL MOJI_YELLOW_DEFAULT>[2]</STYL> [<STYL MOJI_YELLOW_DEFAULT>3</STYL>]"
"JU_M290_NAME";"Joyau dégainage/invulnérab <STYL MOJI_YELLOW_DEFAULT>[4]</STYL> [<STYL MOJI_YELLOW_DEFAULT>3</STYL>]"
"JU_M184_NAME";"Joyau concentration/bénédic <STYL MOJI_YELLOW_DEFAULT>[4]</STYL> [<STYL MOJI_YELLOW_DEFAULT>3</STYL>]"
"JU_TAISHIN_NAME";"Joyau anti-séisme <STYL MOJI_YELLOW_DEFAULT>[2]</STYL> [<STYL MOJI_YELLOW_DEFAULT>3</STYL>]"
"JU_M054_NAME";"Joyau défense III <STYL MOJI_YELLOW_DEFAULT>[4]</STYL> [<STYL MOJI_YELLOW_DEFAULT>3</STYL>]"
"JU_M114_NAME";"Joyau fléau/attaque <STYL MOJI_YELLOW_DEFAULT>[4]</STYL> [<STYL MOJI_YELLOW_DEFAULT>3</STYL>]"
"JU_M001_NAME";"Joyau phénix <STYL MOJI_YELLOW_DEFAULT>[3]</STYL> [<STYL MOJI_YELLOW_DEFAULT>3</STYL>]"
"JU_M099_NAME";"Joyau esquive/invulnérabilité <STYL MOJI_YELLOW_DEFAULT>[4]</STYL> [<STYL MOJI_YELLOW_DEFAULT>3</STYL>]"
"JU_MIZU_NAME";"Joyau étanche <STYL MOJI_YELLOW_DEFAULT>[1]</STYL> [<STYL MOJI_YELLOW_DEFAULT>3</STYL>]"
"JU_GUARDSEI_NAME";"Joyau du paladin <STYL MOJI_YELLOW_DEFAULT>[1]</STYL> [<STYL MOJI_YELLOW_DEFAULT>5</STYL>]"
"JU_MUSHIUTI_NAME";"Joyau insectoïde <STYL MOJI_YELLOW_DEFAULT>[1]</STYL> [<STYL MOJI_YELLOW_DEFAULT>3</STYL>]"
"JU_MIKIRI_NAME";"Joyau du maître <STYL MOJI_YELLOW_DEFAULT>[1]</STYL> [<STYL MOJI_YELLOW_DEFAULT>7</STYL>]"
"JU_M167_NAME";"Joyau paladin/artisanat <STYL MOJI_YELLOW_DEFAULT>[4]</STYL> [<STYL MOJI_YELLOW_DEFAULT>5</STYL>]"
"JU_M092_NAME";"Joyau mousquetaire/invulnérab <STYL MOJI_YELLOW_DEFAULT>[4]</STYL> [<STYL MOJI_YELLOW_DEFAULT>5</STYL>]"
"JU_M215_NAME";"Joyau omnipotence/médecin <STYL MOJI_YELLOW_DEFAULT>[4]</STYL> [<STYL MOJI_YELLOW_DEFAULT>3</STYL>]"
"JU_M268_NAME";"Joyau héros/athlète <STYL MOJI_YELLOW_DEFAULT>[4]</STYL> [<STYL MOJI_YELLOW_DEFAULT>5</STYL>]"
"JU_GENKIAT_NAME";"Joyau fatigue <STYL MOJI_YELLOW_DEFAULT>[1]</STYL> [<STYL MOJI_YELLOW_DEFAULT>5</STYL>]"
"JU_SOUTENUP_NAME";"Joyau du franc-tireur <STYL MOJI_YELLOW_DEFAULT>[2]</STYL> [<STYL MOJI_YELLOW_DEFAULT>1</STYL>]"
"JU_M029_NAME";"Joyau de fer II <STYL MOJI_YELLOW_DEFAULT>[4]</STYL> [<STYL MOJI_YELLOW_DEFAULT>2</STYL>]"
"JU_M300_NAME";"Joyau faiblesse/invulnérab <STYL MOJI_YELLOW_DEFAULT>[4]</STYL> [<STYL MOJI_YELLOW_DEFAULT>3</STYL>]"
"JU_BAKUHABIN_NAME";"Joyau explosif <STYL MOJI_YELLOW_DEFAULT>[3]</STYL> [<STYL MOJI_YELLOW_DEFAULT>1</STYL>]"
"JU_M155_NAME";"Joyau métabolisme/tireur <STYL MOJI_YELLOW_DEFAULT>[4]</STYL> [<STYL MOJI_YELLOW_DEFAULT>3</STYL>]"
"JU_M083_NAME";"Joyau aiguiseur/athlète <STYL MOJI_YELLOW_DEFAULT>[4]</STYL> [<STYL MOJI_YELLOW_DEFAULT>3</STYL>]"
"JU_M297_NAME";"Joyau phénix/invulnérabilité <STYL MOJI_YELLOW_DEFAULT>[4]</STYL> [<STYL MOJI_YELLOW_DEFAULT>3</STYL>]"
"JU_ENHUKU_NAME";"Joyau fumigène <STYL MOJI_YELLOW_DEFAULT>[1]</STYL> [<STYL MOJI_YELLOW_DEFAULT>3</STYL>]"
"JU_KOUIKI_NAME";"Joyau du mousquetaire <STYL MOJI_YELLOW_DEFAULT>[1]</STYL> [<STYL MOJI_YELLOW_DEFAULT>5</STYL>]"
"JU_M080_NAME";"Joyau esquive/athlète <STYL MOJI_YELLOW_DEFAULT>[4]</STYL> [<STYL MOJI_YELLOW_DEFAULT>3</STYL>]"
"JU_M227_NAME";"Joyau cogneur/vitalité <STYL MOJI_YELLOW_DEFAULT>[4]</STYL> [<STYL MOJI_YELLOW_DEFAULT>3</STYL>]"
"JU_TOKUSYA_NAME";"Joyau du sniper <STYL MOJI_YELLOW_DEFAULT>[1]</STYL> [<STYL MOJI_YELLOW_DEFAULT>2</STYL>]"
"JU_M294_NAME";"Joyau vengeance/invulnérab <STYL MOJI_YELLOW_DEFAULT>[4]</STYL> [<STYL MOJI_YELLOW_DEFAULT>5</STYL>]"
"JU_M240_NAME";"Joyau faiblesse/vitalité <STYL MOJI_YELLOW_DEFAULT>[4]</STYL> [<STYL MOJI_YELLOW_DEFAULT>3</STYL>]"
"JU_M196_NAME";"Joyau inflexible/bénédiction <STYL MOJI_YELLOW_DEFAULT>[4]</STYL> [<STYL MOJI_YELLOW_DEFAULT>3</STYL>]"
"JU_M193_NAME";"Joyau parfait/bénédiction <STYL MOJI_YELLOW_DEFAULT>[4]</STYL> [<STYL MOJI_YELLOW_DEFAULT>3</STYL>]"
"JU_M013_NAME";"Joyau tueur de dragon II <STYL MOJI_YELLOW_DEFAULT>[4]</STYL> [<STYL MOJI_YELLOW_DEFAULT>3</STYL>]"
"JU_M248_NAME";"Joyau héros/survie <STYL MOJI_YELLOW_DEFAULT>[4]</STYL> [<STYL MOJI_YELLOW_DEFAULT>5</STYL>]"
"JU_SYOKUGAKU_NAME";"Joyau du botaniste <STYL MOJI_YELLOW_DEFAULT>[1]</STYL> [<STYL MOJI_YELLOW_DEFAULT>4</STYL>]"
"JU_M134_NAME";"Joyau acrobatie/maître <STYL MOJI_YELLOW_DEFAULT>[4]</STYL> [<STYL MOJI_YELLOW_DEFAULT>1</STYL>]"
"JU_M179_NAME";"Joyau bombardier/artisanat <STYL MOJI_YELLOW_DEFAULT>[4]</STYL> [<STYL MOJI_YELLOW_DEFAULT>5</STYL>]"
"JU_M203_NAME";"Joyau anti-séisme/médecin <STYL MOJI_YELLOW_DEFAULT>[4]</STYL> [<STYL MOJI_YELLOW_DEFAULT>3</STYL>]"
"JU_M051_NAME";"Joyau du chimiste II <STYL MOJI_YELLOW_DEFAULT>[4]</STYL> [<STYL MOJI_YELLOW_DEFAULT>2</STYL>]"
"JU_M181_NAME";"Joyau glisseur/artisanat <STYL MOJI_YELLOW_DEFAULT>[4]</STYL> [<STYL MOJI_YELLOW_DEFAULT>1</STYL>]"
"JU_M281_NAME";"Joyau artisanat/athlète <STYL MOJI_YELLOW_DEFAULT>[4]</STYL> [<STYL MOJI_YELLOW_DEFAULT>5</STYL>]"
"JU_M017_NAME";"Joyau explosion II <STYL MOJI_YELLOW_DEFAULT>[4]</STYL> [<STYL MOJI_YELLOW_DEFAULT>2</STYL>]"
"JU_KOUGEKI_NAME";"Joyau attaque <STYL MOJI_YELLOW_DEFAULT>[1]</STYL> [<STYL MOJI_YELLOW_DEFAULT>7</STYL>]"
"JU_M164_NAME";"Joyau fatigue/artisanat <STYL MOJI_YELLOW_DEFAULT>[4]</STYL> [<STYL MOJI_YELLOW_DEFAULT>5</STYL>]"
"JU_M218_NAME";"Joyau insonorisation/médecin <STYL MOJI_YELLOW_DEFAULT>[4]</STYL> [<STYL MOJI_YELLOW_DEFAULT>3</STYL>]"
"JU_M050_NAME";"Joyau insectoïde III <STYL MOJI_YELLOW_DEFAULT>[4]</STYL> [<STYL MOJI_YELLOW_DEFAULT>1</STYL>]"
"JU_M095_NAME";"Joyau fléau/invulnérabilité <STYL MOJI_YELLOW_DEFAULT>[4]</STYL> [<STYL MOJI_YELLOW_DEFAULT>3</STYL>]"
"JU_HIZOKU_NAME";"Joyau de feu <STYL MOJI_YELLOW_DEFAULT>[1]</STYL> [<STYL MOJI_YELLOW_DEFAULT>6</STYL>]"
"JU_M197_NAME";"Joyau phénix/bénédiction <STYL MOJI_YELLOW_DEFAULT>[4]</STYL> [<STYL MOJI_YELLOW_DEFAULT>3</STYL>]"
"JU_M252_NAME";"Joyau témérité/survie <STYL MOJI_YELLOW_DEFAULT>[4]</STYL> [<STYL MOJI_YELLOW_DEFAULT>5</STYL>]"
"JU_M135_NAME";"Joyau marathonien/maître <STYL MOJI_YELLOW_DEFAULT>[4]</STYL> [<STYL MOJI_YELLOW_DEFAULT>3</STYL>]"
"JU_M247_NAME";"Joyau cogneur/survie <STYL MOJI_YELLOW_DEFAULT>[4]</STYL> [<STYL MOJI_YELLOW_DEFAULT>5</STYL>]"
"JU_M105_NAME";"Joyau glisseur/invulnérabilité <STYL MOJI_YELLOW_DEFAULT>[4]</STYL> [<STYL MOJI_YELLOW_DEFAULT>1</STYL>]"
"JU_M277_NAME";"Joyau phénix/athlète <STYL MOJI_YELLOW_DEFAULT>[4]</STYL> [<STYL MOJI_YELLOW_DEFAULT>3</STYL>]"
"JU_M066_NAME";"Joyau d'invulnérabilité II <STYL MOJI_YELLOW_DEFAULT>[4]</STYL> [<STYL MOJI_YELLOW_DEFAULT>3</STYL>]"
"JU_M037_NAME";"Joyau intimidation III <STYL MOJI_YELLOW_DEFAULT>[4]</STYL> [<STYL MOJI_YELLOW_DEFAULT>1</STYL>]"
"JU_M270_NAME";"Joyau dégainage/athlète <STYL MOJI_YELLOW_DEFAULT>[4]</STYL> [<STYL MOJI_YELLOW_DEFAULT>3</STYL>]"
"JU_M106_NAME";"Joyau gardien/invulnérabilité <STYL MOJI_YELLOW_DEFAULT>[4]</STYL> [<STYL MOJI_YELLOW_DEFAULT>3</STYL>]"
"JU_M084_NAME";"Joyau bombardier/athlète <STYL MOJI_YELLOW_DEFAULT>[4]</STYL> [<STYL MOJI_YELLOW_DEFAULT>5</STYL>]"
"JU_M276_NAME";"Joyau inflexible/athlète <STYL MOJI_YELLOW_DEFAULT>[4]</STYL> [<STYL MOJI_YELLOW_DEFAULT>3</STYL>]"
"JU_M159_NAME";"Joyau aiguiseur/tireur <STYL MOJI_YELLOW_DEFAULT>[4]</STYL> [<STYL MOJI_YELLOW_DEFAULT>3</STYL>]"
"JU_M223_NAME";"Joyau anti-séisme/vitalité <STYL MOJI_YELLOW_DEFAULT>[4]</STYL> [<STYL MOJI_YELLOW_DEFAULT>3</STYL>]"
"JU_M261_NAME";"Joyau artisanat/survie <STYL MOJI_YELLOW_DEFAULT>[4]</STYL> [<STYL MOJI_YELLOW_DEFAULT>5</STYL>]"
"JU_HARAHERI_NAME";"Joyau du spartiate <STYL MOJI_YELLOW_DEFAULT>[1]</STYL> [<STYL MOJI_YELLOW_DEFAULT>3</STYL>]"
"JU_M192_NAME";"Joyau témérité/bénédiction <STYL MOJI_YELLOW_DEFAULT>[4]</STYL> [<STYL MOJI_YELLOW_DEFAULT>5</STYL>]"
"JU_M219_NAME";"Joyau berserk/médecin <STYL MOJI_YELLOW_DEFAULT>[4]</STYL> [<STYL MOJI_YELLOW_DEFAULT>3</STYL>]"
"JU_GOUZIN_NAME";"Joyau de trempe <STYL MOJI_YELLOW_DEFAULT>[2]</STYL> [<STYL MOJI_YELLOW_DEFAULT>1</STYL>]"
"JU_NUMAWATARI_NAME";"Joyau d'Atlantis <STYL MOJI_YELLOW_DEFAULT>[1]</STYL> [<STYL MOJI_YELLOW_DEFAULT>3</STYL>]"
"JU_M075_NAME";"Joyau pierre/athlète <STYL MOJI_YELLOW_DEFAULT>[4]</STYL> [<STYL MOJI_YELLOW_DEFAULT>5</STYL>]"
"JU_M286_NAME";"Joyau destruction/invulnérab <STYL MOJI_YELLOW_DEFAULT>[4]</STYL> [<STYL MOJI_YELLOW_DEFAULT>3</STYL>]"
"JU_M046_NAME";"Joyau de musique II <STYL MOJI_YELLOW_DEFAULT>[4]</STYL> [<STYL MOJI_YELLOW_DEFAULT>1</STYL>]"
"JU_M188_NAME";"Joyau héros/bénédiction <STYL MOJI_YELLOW_DEFAULT>[4]</STYL> [<STYL MOJI_YELLOW_DEFAULT>5</STYL>]"
"JU_M021_NAME";"Joyau isolant III <STYL MOJI_YELLOW_DEFAULT>[4]</STYL> [<STYL MOJI_YELLOW_DEFAULT>1</STYL>]"
"JU_RYUUZOKU_NAME";"Joyau tueur de dragon <STYL MOJI_YELLOW_DEFAULT>[1]</STYL> [<STYL MOJI_YELLOW_DEFAULT>6</STYL>]"
"JU_M008_NAME";"Joyau draconien II <STYL MOJI_YELLOW_DEFAULT>[4]</STYL> [<STYL MOJI_YELLOW_DEFAULT>2</STYL>]"
"JU_M163_NAME";"Joyau gardien/tireur <STYL MOJI_YELLOW_DEFAULT>[4]</STYL> [<STYL MOJI_YELLOW_DEFAULT>3</STYL>]"
"JU_M232_NAME";"Joyau témérité/vitalité <STYL MOJI_YELLOW_DEFAULT>[4]</STYL> [<STYL MOJI_YELLOW_DEFAULT>3</STYL>]"
"JU_MAHI_NAME";"Joyau antiparalysie <STYL MOJI_YELLOW_DEFAULT>[1]</STYL> [<STYL MOJI_YELLOW_DEFAULT>3</STYL>]"
"JU_BOUDOWN_NAME";"Joyau de fer <STYL MOJI_YELLOW_DEFAULT>[1]</STYL> [<STYL MOJI_YELLOW_DEFAULT>3</STYL>]"
"JU_M173_NAME";"Joyau marathonien/artisanat <STYL MOJI_YELLOW_DEFAULT>[4]</STYL> [<STYL MOJI_YELLOW_DEFAULT>3</STYL>]"
"JU_M209_NAME";"Joyau anti-vent/médecin <STYL MOJI_YELLOW_DEFAULT>[4]</STYL> [<STYL MOJI_YELLOW_DEFAULT>3</STYL>]"
"JU_M012_NAME";"Joyau de foudre II <STYL MOJI_YELLOW_DEFAULT>[4]</STYL> [<STYL MOJI_YELLOW_DEFAULT>3</STYL>]"
"JU_M057_NAME";"Joyau anti-vent II <STYL MOJI_YELLOW_DEFAULT>[4]</STYL> [<STYL MOJI_YELLOW_DEFAULT>3</STYL>]"
"JU_M009_NAME";"Joyau de feu II <STYL MOJI_YELLOW_DEFAULT>[4]</STYL> [<STYL MOJI_YELLOW_DEFAULT>3</STYL>]"
"JU_M212_NAME";"Joyau témérité/médecin <STYL MOJI_YELLOW_DEFAULT>[4]</STYL> [<STYL MOJI_YELLOW_DEFAULT>3</STYL>]"
"JU_M125_NAME";"Joyau gardien/attaque <STYL MOJI_YELLOW_DEFAULT>[4]</STYL> [<STYL MOJI_YELLOW_DEFAULT>3</STYL>]"
"JU_M257_NAME";"Joyau phénix/survie <STYL MOJI_YELLOW_DEFAULT>[4]</STYL> [<STYL MOJI_YELLOW_DEFAULT>3</STYL>]"
"JU_JUUGEKI_NAME";"Joyau destruction <STYL MOJI_YELLOW_DEFAULT>[2]</STYL> [<STYL MOJI_YELLOW_DEFAULT>3</STYL>]"
"JU_M072_NAME";"Joyau paladin/athlète <STYL MOJI_YELLOW_DEFAULT>[4]</STYL> [<STYL MOJI_YELLOW_DEFAULT>5</STYL>]"
"JU_M142_NAME";"Joyau mycologue/maître <STYL MOJI_YELLOW_DEFAULT>[4]</STYL> [<STYL MOJI_YELLOW_DEFAULT>3</STYL>]"
"JU_KAMINARI_NAME";"Joyau isolant <STYL MOJI_YELLOW_DEFAULT>[1]</STYL> [<STYL MOJI_YELLOW_DEFAULT>3</STYL>]"
"JU_M026_NAME";"Joyau volonté II <STYL MOJI_YELLOW_DEFAULT>[4]</STYL> [<STYL MOJI_YELLOW_DEFAULT>2</STYL>]"
"JU_M187_NAME";"Joyau cogneur/bénédiction <STYL MOJI_YELLOW_DEFAULT>[4]</STYL> [<STYL MOJI_YELLOW_DEFAULT>5</STYL>]"
"JU_HI_NAME";"Joyau ignifuge <STYL MOJI_YELLOW_DEFAULT>[1]</STYL> [<STYL MOJI_YELLOW_DEFAULT>3</STYL>]"
"JU_MIMISEN_NAME";"Joyau insonorisation <STYL MOJI_YELLOW_DEFAULT>[3]</STYL> [<STYL MOJI_YELLOW_DEFAULT>5</STYL>]"
"JU_M255_NAME";"Joyau omnipotence/survie <STYL MOJI_YELLOW_DEFAULT>[4]</STYL> [<STYL MOJI_YELLOW_DEFAULT>5</STYL>]"
"JU_M260_NAME";"Joyau faiblesse/survie <STYL MOJI_YELLOW_DEFAULT>[4]</STYL> [<STYL MOJI_YELLOW_DEFAULT>3</STYL>]"
"JU_M127_NAME";"Joyau courage/maître <STYL MOJI_YELLOW_DEFAULT>[4]</STYL> [<STYL MOJI_YELLOW_DEFAULT>1</STYL>]"
"JU_M060_NAME";"Joyau artisanat II <STYL MOJI_YELLOW_DEFAULT>[4]</STYL> [<STYL MOJI_YELLOW_DEFAULT>3</STYL>]"
"JU_TYOUSEN_NAME";"Joyau de témérité <STYL MOJI_YELLOW_DEFAULT>[2]</STYL> [<STYL MOJI_YELLOW_DEFAULT>7</STYL>]"
"JU_TAIJYUTSU_NAME";"Joyau de l'athlète <STYL MOJI_YELLOW_DEFAULT>[2]</STYL> [<STYL MOJI_YELLOW_DEFAULT>5</STYL>]"
"JU_M175_NAME";"Joyau esquive/artisanat <STYL MOJI_YELLOW_DEFAULT>[4]</STYL> [<STYL MOJI_YELLOW_DEFAULT>3</STYL>]"
"JU_M140_NAME";"Joyau aiguiseur/maître <STYL MOJI_YELLOW_DEFAULT>[4]</STYL> [<STYL MOJI_YELLOW_DEFAULT>3</STYL>]"
"JU_M288_NAME";"Joyau héros/invulnérabilité <STYL MOJI_YELLOW_DEFAULT>[4]</STYL> [<STYL MOJI_YELLOW_DEFAULT>5</STYL>]"
"JU_FULPOWER_NAME";"Joyau parfait <STYL MOJI_YELLOW_DEFAULT>[2]</STYL> [<STYL MOJI_YELLOW_DEFAULT>3</STYL>]"
"JU_M069_NAME";"Joyau fatigue/athlète <STYL MOJI_YELLOW_DEFAULT>[4]</STYL> [<STYL MOJI_YELLOW_DEFAULT>5</STYL>]"
"JU_M074_NAME";"Joyau parasite/athlète <STYL MOJI_YELLOW_DEFAULT>[4]</STYL> [<STYL MOJI_YELLOW_DEFAULT>3</STYL>]"
"JU_TYOKAISIN_NAME";"Joyau du berserk <STYL MOJI_YELLOW_DEFAULT>[2]</STYL> [<STYL MOJI_YELLOW_DEFAULT>3</STYL>]"
"JU_FUE_NAME";"Joyau de musique <STYL MOJI_YELLOW_DEFAULT>[1]</STYL> [<STYL MOJI_YELLOW_DEFAULT>2</STYL>]"
"JU_M070_NAME";"Joyau courage/athlète <STYL MOJI_YELLOW_DEFAULT>[4]</STYL> [<STYL MOJI_YELLOW_DEFAULT>1</STYL>]"
"JU_M067_NAME";"Joyau du paladin II <STYL MOJI_YELLOW_DEFAULT>[4]</STYL> [<STYL MOJI_YELLOW_DEFAULT>3</STYL>]"
"JU_DOKUBIN_NAME";"Joyau poison <STYL MOJI_YELLOW_DEFAULT>[3]</STYL> [<STYL MOJI_YELLOW_DEFAULT>1</STYL>]"
"JU_M022_NAME";"Joyau draconien III <STYL MOJI_YELLOW_DEFAULT>[4]</STYL> [<STYL MOJI_YELLOW_DEFAULT>1</STYL>]"
"JU_MUGEKI_NAME";"Joyau d'acier <STYL MOJI_YELLOW_DEFAULT>[2]</STYL> [<STYL MOJI_YELLOW_DEFAULT>1</STYL>]"
"JU_M253_NAME";"Joyau parfait/survie <STYL MOJI_YELLOW_DEFAULT>[4]</STYL> [<STYL MOJI_YELLOW_DEFAULT>3</STYL>]"
"JU_M129_NAME";"Joyau paladin/maître <STYL MOJI_YELLOW_DEFAULT>[4]</STYL> [<STYL MOJI_YELLOW_DEFAULT>5</STYL>]"
"JU_M016_NAME";"Joyau du sommeil II <STYL MOJI_YELLOW_DEFAULT>[4]</STYL> [<STYL MOJI_YELLOW_DEFAULT>2</STYL>]"
"JU_M152_NAME";"Joyau fléau/tireur <STYL MOJI_YELLOW_DEFAULT>[4]</STYL> [<STYL MOJI_YELLOW_DEFAULT>3</STYL>]"
"JU_INZYA_NAME";"Joyau de furtivité <STYL MOJI_YELLOW_DEFAULT>[1]</STYL> [<STYL MOJI_YELLOW_DEFAULT>3</STYL>]"
"JU_M291_NAME";"Joyau occulte/invulnérabilité <STYL MOJI_YELLOW_DEFAULT>[4]</STYL> [<STYL MOJI_YELLOW_DEFAULT>5</STYL>]"
"JU_M019_NAME";"Joyau étanche III <STYL MOJI_YELLOW_DEFAULT>[4]</STYL> [<STYL MOJI_YELLOW_DEFAULT>1</STYL>]"
"JU_M130_NAME";"Joyau mousquetaire/maître <STYL MOJI_YELLOW_DEFAULT>[4]</STYL> [<STYL MOJI_YELLOW_DEFAULT>5</STYL>]"
"JU_TIYU_NAME";"Joyau de médecin <STYL MOJI_YELLOW_DEFAULT>[1]</STYL> [<STYL MOJI_YELLOW_DEFAULT>3</STYL>]"
"JU_M278_NAME";"Joyau insonorisation/athlète <STYL MOJI_YELLOW_DEFAULT>[4]</STYL> [<STYL MOJI_YELLOW_DEFAULT>5</STYL>]"
"JU_KANTUU_NAME";"Joyau de titane <STYL MOJI_YELLOW_DEFAULT>[3]</STYL> [<STYL MOJI_YELLOW_DEFAULT>2</STYL>]"
"JU_M139_NAME";"Joyau carnassier/maître <STYL MOJI_YELLOW_DEFAULT>[4]</STYL> [<STYL MOJI_YELLOW_DEFAULT>3</STYL>]"
"JU_M243_NAME";"Joyau anti-séisme/survie <STYL MOJI_YELLOW_DEFAULT>[4]</STYL> [<STYL MOJI_YELLOW_DEFAULT>3</STYL>]"
"JU_M202_NAME";"Joyau tireur/bénédiction <STYL MOJI_YELLOW_DEFAULT>[4]</STYL> [<STYL MOJI_YELLOW_DEFAULT>3</STYL>]"
"JU_M205_NAME";"Joyau puissance/médecin <STYL MOJI_YELLOW_DEFAULT>[4]</STYL> [<STYL MOJI_YELLOW_DEFAULT>3</STYL>]"
"JU_M177_NAME";"Joyau carnassier/artisanat <STYL MOJI_YELLOW_DEFAULT>[4]</STYL> [<STYL MOJI_YELLOW_DEFAULT>3</STYL>]"
"JU_M190_NAME";"Joyau dégainage/bénédiction <STYL MOJI_YELLOW_DEFAULT>[4]</STYL> [<STYL MOJI_YELLOW_DEFAULT>3</STYL>]"
"JU_TOUSEKI_NAME";"Joyau de pierre <STYL MOJI_YELLOW_DEFAULT>[1]</STYL> [<STYL MOJI_YELLOW_DEFAULT>5</STYL>]"
"JU_M303_NAME";"Joyau de la nature <STYL MOJI_YELLOW_DEFAULT>[1]</STYL> [<STYL MOJI_YELLOW_DEFAULT>3</STYL>]"
"JU_M034_NAME";"Joyau intimidation II <STYL MOJI_YELLOW_DEFAULT>[4]</STYL> [<STYL MOJI_YELLOW_DEFAULT>2</STYL>]"
"JU_KAIHIKYORI_NAME";"Joyau de l'esquive <STYL MOJI_YELLOW_DEFAULT>[2]</STYL> [<STYL MOJI_YELLOW_DEFAULT>3</STYL>]"
"JU_M079_NAME";"Joyau métabolisme/athlète <STYL MOJI_YELLOW_DEFAULT>[4]</STYL> [<STYL MOJI_YELLOW_DEFAULT>3</STYL>]"
"JU_KYUUKAKU_NAME";"Joyau de prémonition <STYL MOJI_YELLOW_DEFAULT>[1]</STYL> [<STYL MOJI_YELLOW_DEFAULT>1</STYL>]"
"JU_M117_NAME";"Joyau métabolisme/attaque <STYL MOJI_YELLOW_DEFAULT>[4]</STYL> [<STYL MOJI_YELLOW_DEFAULT>3</STYL>]"
"JU_M265_NAME";"Joyau puissance/athlète <STYL MOJI_YELLOW_DEFAULT>[4]</STYL> [<STYL MOJI_YELLOW_DEFAULT>3</STYL>]"
"JU_M165_NAME";"Joyau courage/artisanat <STYL MOJI_YELLOW_DEFAULT>[4]</STYL> [<STYL MOJI_YELLOW_DEFAULT>1</STYL>]"
"JU_M220_NAME";"Joyau faiblesse/médecin <STYL MOJI_YELLOW_DEFAULT>[4]</STYL> [<STYL MOJI_YELLOW_DEFAULT>3</STYL>]"
"JU_M217_NAME";"Joyau phénix/médecin <STYL MOJI_YELLOW_DEFAULT>[4]</STYL> [<STYL MOJI_YELLOW_DEFAULT>3</STYL>]"
"JU_M004_NAME";"Joyau ignifuge II <STYL MOJI_YELLOW_DEFAULT>[4]</STYL> [<STYL MOJI_YELLOW_DEFAULT>2</STYL>]"
"JU_M049_NAME";"Joyau de la nature III <STYL MOJI_YELLOW_DEFAULT>[4]</STYL> [<STYL MOJI_YELLOW_DEFAULT>1</STYL>]"
"JU_M104_NAME";"Joyau mycologue/invulnérab <STYL MOJI_YELLOW_DEFAULT>[4]</STYL> [<STYL MOJI_YELLOW_DEFAULT>3</STYL>]"
"JU_M195_NAME";"Joyau omnipotence/bénédiction <STYL MOJI_YELLOW_DEFAULT>[4]</STYL> [<STYL MOJI_YELLOW_DEFAULT>5</STYL>]"
"JU_M150_NAME";"Joyau parasite/tireur <STYL MOJI_YELLOW_DEFAULT>[4]</STYL> [<STYL MOJI_YELLOW_DEFAULT>3</STYL>]"
"JU_M052_NAME";"Joyau défense II <STYL MOJI_YELLOW_DEFAULT>[4]</STYL> [<STYL MOJI_YELLOW_DEFAULT>4</STYL>]"
"JU_M102_NAME";"Joyau aiguiseur/invulnérab <STYL MOJI_YELLOW_DEFAULT>[4]</STYL> [<STYL MOJI_YELLOW_DEFAULT>3</STYL>]"
"JU_M263_NAME";"Joyau anti-séisme/athlète <STYL MOJI_YELLOW_DEFAULT>[4]</STYL> [<STYL MOJI_YELLOW_DEFAULT>3</STYL>]"
"JU_M119_NAME";"Joyau rengainage/attaque <STYL MOJI_YELLOW_DEFAULT>[4]</STYL> [<STYL MOJI_YELLOW_DEFAULT>3</STYL>]"
"JU_M180_NAME";"Joyau mycologue/artisanat <STYL MOJI_YELLOW_DEFAULT>[4]</STYL> [<STYL MOJI_YELLOW_DEFAULT>3</STYL>]"
"JU_TANSYUKU_NAME";"Joyau concentration <STYL MOJI_YELLOW_DEFAULT>[2]</STYL> [<STYL MOJI_YELLOW_DEFAULT>3</STYL>]"
"JU_TAIRYOKU_NAME";"Joyau vitalité <STYL MOJI_YELLOW_DEFAULT>[1]</STYL> [<STYL MOJI_YELLOW_DEFAULT>3</STYL>]"
"JU_KAGO_NAME";"Joyau de bénédiction <STYL MOJI_YELLOW_DEFAULT>[1]</STYL> [<STYL MOJI_YELLOW_DEFAULT>5</STYL>]"
"JU_M293_NAME";"Joyau parfait/invulnérabilité <STYL MOJI_YELLOW_DEFAULT>[4]</STYL> [<STYL MOJI_YELLOW_DEFAULT>3</STYL>]"
"JU_M077_NAME";"Joyau acrobatie/athlète <STYL MOJI_YELLOW_DEFAULT>[4]</STYL> [<STYL MOJI_YELLOW_DEFAULT>1</STYL>]"
"JU_M132_NAME";"Joyau pierre/maître <STYL MOJI_YELLOW_DEFAULT>[4]</STYL> [<STYL MOJI_YELLOW_DEFAULT>5</STYL>]"
"JU_M305_NAME";"Joyau chauffant <STYL MOJI_YELLOW_DEFAULT>[2]</STYL> [<STYL MOJI_YELLOW_DEFAULT>1</STYL>]"
"JU_M082_NAME";"Joyau carnassier/athlète <STYL MOJI_YELLOW_DEFAULT>[4]</STYL> [<STYL MOJI_YELLOW_DEFAULT>3</STYL>]"
"JU_M059_NAME";"Joyau du maître II <STYL MOJI_YELLOW_DEFAULT>[4]</STYL> [<STYL MOJI_YELLOW_DEFAULT>4</STYL>]"
"JU_SUIMINBIN_NAME";"Joyau sporifère <STYL MOJI_YELLOW_DEFAULT>[3]</STYL> [<STYL MOJI_YELLOW_DEFAULT>1</STYL>]"
"JU_GYAKKYOU_NAME";"Joyau du courage <STYL MOJI_YELLOW_DEFAULT>[1]</STYL> [<STYL MOJI_YELLOW_DEFAULT>1</STYL>]"
"JU_BAKUSHI_NAME";"Joyau du bombardier <STYL MOJI_YELLOW_DEFAULT>[1]</STYL> [<STYL MOJI_YELLOW_DEFAULT>5</STYL>]"
"JU_M062_NAME";"Joyau de témérité II <STYL MOJI_YELLOW_DEFAULT>[4]</STYL> [<STYL MOJI_YELLOW_DEFAULT>4</STYL>]"
"JU_M170_NAME";"Joyau pierre/artisanat <STYL MOJI_YELLOW_DEFAULT>[4]</STYL> [<STYL MOJI_YELLOW_DEFAULT>5</STYL>]"
"JU_M122_NAME";"Joyau bombardier/attaque <STYL MOJI_YELLOW_DEFAULT>[4]</STYL> [<STYL MOJI_YELLOW_DEFAULT>5</STYL>]"
"JU_M014_NAME";"Joyau venin II <STYL MOJI_YELLOW_DEFAULT>[4]</STYL> [<STYL MOJI_YELLOW_DEFAULT>2</STYL>]"
"JU_M207_NAME";"Joyau cogneur/médecin <STYL MOJI_YELLOW_DEFAULT>[4]</STYL> [<STYL MOJI_YELLOW_DEFAULT>3</STYL>]"
"JU_M200_NAME";"Joyau faiblesse/bénédiction <STYL MOJI_YELLOW_DEFAULT>[4]</STYL> [<STYL MOJI_YELLOW_DEFAULT>3</STYL>]"
"JU_M137_NAME";"Joyau esquive/maître <STYL MOJI_YELLOW_DEFAULT>[4]</STYL> [<STYL MOJI_YELLOW_DEFAULT>3</STYL>]"
"JU_M245_NAME";"Joyau puissance/survie <STYL MOJI_YELLOW_DEFAULT>[4]</STYL> [<STYL MOJI_YELLOW_DEFAULT>3</STYL>]"
"JU_M298_NAME";"Joyau insonorisation/invulnéra <STYL MOJI_YELLOW_DEFAULT>[4]</STYL> [<STYL MOJI_YELLOW_DEFAULT>5</STYL>]"
"JU_M097_NAME";"Joyau marathonien/invulnérab <STYL MOJI_YELLOW_DEFAULT>[4]</STYL> [<STYL MOJI_YELLOW_DEFAULT>3</STYL>]"
"JU_M210_NAME";"Joyau dégainage/médecin <STYL MOJI_YELLOW_DEFAULT>[4]</STYL> [<STYL MOJI_YELLOW_DEFAULT>3</STYL>]"
"JU_HOUSYU_NAME";"Joyau artillerie <STYL MOJI_YELLOW_DEFAULT>[1]</STYL> [<STYL MOJI_YELLOW_DEFAULT>2</STYL>]"
"JU_M235_NAME";"Joyau omnipotence/vitalité <STYL MOJI_YELLOW_DEFAULT>[4]</STYL> [<STYL MOJI_YELLOW_DEFAULT>3</STYL>]"
"JU_M160_NAME";"Joyau bombardier/tireur <STYL MOJI_YELLOW_DEFAULT>[4]</STYL> [<STYL MOJI_YELLOW_DEFAULT>3</STYL>]"
"JU_M283_NAME";"Joyau anti-séisme/invulnérab <STYL MOJI_YELLOW_DEFAULT>[4]</STYL> [<STYL MOJI_YELLOW_DEFAULT>3</STYL>]"
"JU_M185_NAME";"Joyau puissance/bénédiction <STYL MOJI_YELLOW_DEFAULT>[4]</STYL> [<STYL MOJI_YELLOW_DEFAULT>3</STYL>]"
"JU_M147_NAME";"Joyau sauvage/tireur <STYL MOJI_YELLOW_DEFAULT>[4]</STYL> [<STYL MOJI_YELLOW_DEFAULT>1</STYL>]"
"JU_M024_NAME";"Joyau antiparalysie II <STYL MOJI_YELLOW_DEFAULT>[4]</STYL> [<STYL MOJI_YELLOW_DEFAULT>2</STYL>]"
